-- =========================================================
-- INVENTORY + INGREDIENTS SEED
-- Matches the cleaned menu_items seed generated earlier
-- Assumptions:
-- 1) vendors, menu_categories and menu_items are already inserted
-- 2) menu_categories/menu_items IDs match the corrected seed
-- 3) This seed tracks a realistic subset of inventory at raw/semi-finished level
-- 4) Run child-table deletes first if you are reseeding
-- =========================================================

-- Safe reseed order (only if you want to replace old data):
-- DELETE FROM stock_movements WHERE vendor_id IN (101,102,103,104,105,106,107,108,109,110,111);
-- DELETE FROM menu_item_ingredients WHERE menu_item_id BETWEEN 4001 AND 4282;
-- DELETE FROM inventory_policies WHERE inventory_item_id BETWEEN 7001 AND 7284;
-- DELETE FROM inventory_items WHERE vendor_id IN (101,102,103,104,105,106,107,108,109,110,111);

-- 101 - Chatkara: 17 inventory items
-- 102 - Pizza Bakers: 25 inventory items
-- 103 - The Kitchen And Curry: 25 inventory items
-- 104 - Cook House: 23 inventory items
-- 105 - Tea Tradition: 36 inventory items
-- 106 - The Italian Oven: 24 inventory items
-- 107 - The Crazy Chef: 35 inventory items
-- 108 - Stardom: 27 inventory items
-- 109 - Dev Sweets and Snacks: 34 inventory items
-- 110 - Chilling Point: 21 inventory items
-- 111 - Tea Post: 17 inventory items

INSERT INTO inventory_items
(id, vendor_id, item_code, item_name, description, unit, current_quantity, reserved_quantity, low_stock_threshold, max_stock_level, unit_cost, status, last_restocked_at, source_system, external_inventory_item_id)
VALUES
(7001, 101, 'INV_V101_BASMATI_RICE', 'Basmati Rice', 'Premium rice for biryani, fried rice and combos', 'KG', 34.50, 0.00, 6.90, 57.50, 82.00, 'ACTIVE', '2026-04-10 08:00:00.000', 'VENDOR_OPS', NULL),
(7002, 101, 'INV_V101_CAPSICUM', 'Capsicum', 'Fresh capsicum for Chinese dishes and toppings', 'KG', 9.20, 0.00, 1.725, 13.80, 70.00, 'ACTIVE', '2026-04-10 08:00:00.000', 'VENDOR_OPS', NULL),
(7003, 101, 'INV_V101_CHICKPEA', 'Chickpeas', 'Dried chickpeas for chole and related dishes', 'KG', 11.50, 0.00, 2.30, 18.40, 95.00, 'ACTIVE', '2026-04-10 08:00:00.000', 'VENDOR_OPS', NULL),
(7004, 101, 'INV_V101_COOKING_OIL', 'Cooking Oil', 'Refined cooking oil for frying and sautéing', 'LITER', 23.00, 0.00, 4.60, 34.50, 135.00, 'ACTIVE', '2026-04-10 08:00:00.000', 'VENDOR_OPS', NULL),
(7005, 101, 'INV_V101_CURD', 'Curd', 'Fresh curd for rice, chaas, chaat and lassi', 'KG', 16.10, 0.00, 3.45, 27.60, 68.00, 'ACTIVE', '2026-04-10 08:00:00.000', 'VENDOR_OPS', NULL),
(7006, 101, 'INV_V101_MANCHURIAN_BALLS', 'Veg Manchurian Balls', 'Prepared veg manchurian balls for gravy dishes', 'KG', 6.90, 0.00, 1.15, 11.50, 180.00, 'ACTIVE', '2026-04-10 08:00:00.000', 'VENDOR_OPS', NULL),
(7007, 101, 'INV_V101_MIXED_VEG', 'Mixed Vegetables', 'Assorted vegetables for curries, rice and noodles', 'KG', 18.40, 0.00, 3.45, 27.60, 72.00, 'ACTIVE', '2026-04-10 08:00:00.000', 'VENDOR_OPS', NULL),
(7008, 101, 'INV_V101_NOODLES', 'Noodles', 'Noodles for Indo-Chinese dishes', 'KG', 13.80, 0.00, 2.30, 20.70, 95.00, 'ACTIVE', '2026-04-10 08:00:00.000', 'VENDOR_OPS', NULL),
(7009, 101, 'INV_V101_ONION', 'Onion', 'Fresh onion for gravies and fillings', 'KG', 20.70, 0.00, 4.60, 34.50, 28.00, 'ACTIVE', '2026-04-10 08:00:00.000', 'VENDOR_OPS', NULL),
(7010, 101, 'INV_V101_PANEER', 'Paneer Cubes', 'Fresh paneer for curries, rolls, pizzas and rice dishes', 'KG', 13.80, 0.00, 2.875, 23.00, 260.00, 'ACTIVE', '2026-04-10 08:00:00.000', 'VENDOR_OPS', NULL),
(7011, 101, 'INV_V101_POTATO', 'Potato', 'Potato for fries, chaat and curries', 'KG', 34.50, 0.00, 6.90, 57.50, 24.00, 'ACTIVE', '2026-04-10 08:00:00.000', 'VENDOR_OPS', NULL),
(7012, 101, 'INV_V101_RAJMA', 'Rajma Beans', 'Kidney beans for rajma dishes', 'KG', 9.20, 0.00, 1.725, 13.80, 115.00, 'ACTIVE', '2026-04-10 08:00:00.000', 'VENDOR_OPS', NULL),
(7013, 101, 'INV_V101_SCHEZWAN_SAUCE', 'Schezwan Sauce', 'Schezwan sauce for Chinese preparations', 'KG', 6.90, 0.00, 1.15, 11.50, 140.00, 'ACTIVE', '2026-04-10 08:00:00.000', 'VENDOR_OPS', NULL),
(7014, 101, 'INV_V101_SOY_SAUCE', 'Soy Sauce', 'Soy sauce for Chinese cooking', 'LITER', 5.75, 0.00, 1.15, 9.20, 90.00, 'ACTIVE', '2026-04-10 08:00:00.000', 'VENDOR_OPS', NULL),
(7015, 101, 'INV_V101_TOMATO', 'Tomato', 'Fresh tomato for gravies, sauces and toppings', 'KG', 23.00, 0.00, 4.60, 36.80, 32.00, 'ACTIVE', '2026-04-10 08:00:00.000', 'VENDOR_OPS', NULL),
(7016, 101, 'INV_V101_TOOR_DAL', 'Toor Dal', 'Split pigeon peas for dal preparations', 'KG', 11.50, 0.00, 2.30, 18.40, 125.00, 'ACTIVE', '2026-04-10 08:00:00.000', 'VENDOR_OPS', NULL),
(7017, 101, 'INV_V101_WHEAT_FLOUR', 'Wheat Flour', 'Wheat flour for rotis and parathas', 'KG', 28.75, 0.00, 5.75, 46.00, 42.00, 'ACTIVE', '2026-04-10 08:00:00.000', 'VENDOR_OPS', NULL),
(7018, 102, 'INV_V102_BROWNIE_SLICE', 'Brownie Slice', 'Prepared brownie portion', 'PCS', 44, 0, 9, 77, 24.00, 'ACTIVE', '2026-04-10 08:00:00.000', 'VENDOR_OPS', NULL),
(7019, 102, 'INV_V102_BURGER_BUN', 'Burger Bun', 'Burger buns for burgers', 'PCS', 66, 0, 16, 110, 9.00, 'ACTIVE', '2026-04-10 08:00:00.000', 'VENDOR_OPS', NULL),
(7020, 102, 'INV_V102_CHEESECAKE_SLICE', 'Cheesecake Slice', 'Prepared cheesecake portion', 'PCS', 26, 0, 7, 44, 52.00, 'ACTIVE', '2026-04-10 08:00:00.000', 'VENDOR_OPS', NULL),
(7021, 102, 'INV_V102_CHICKEN_PATTY', 'Chicken Patty', 'Prepared chicken patty for burgers', 'PCS', 38, 0, 9, 66, 32.00, 'ACTIVE', '2026-04-10 08:00:00.000', 'VENDOR_OPS', NULL),
(7022, 102, 'INV_V102_CHICKEN_POPCORN', 'Chicken Popcorn', 'Prepared chicken popcorn', 'KG', 6.60, 0.00, 1.10, 11.00, 300.00, 'ACTIVE', '2026-04-10 08:00:00.000', 'VENDOR_OPS', NULL),
(7023, 102, 'INV_V102_CHICKEN_STRIPS', 'Chicken Strips', 'Prepared chicken strips', 'KG', 7.70, 0.00, 1.32, 13.20, 290.00, 'ACTIVE', '2026-04-10 08:00:00.000', 'VENDOR_OPS', NULL),
(7024, 102, 'INV_V102_CHICKEN_TIKKA_TOPPING', 'Chicken Tikka Topping', 'Prepared chicken tikka pieces for pizzas', 'KG', 6.60, 0.00, 1.10, 11.00, 320.00, 'ACTIVE', '2026-04-10 08:00:00.000', 'VENDOR_OPS', NULL),
(7025, 102, 'INV_V102_CHICKEN_WINGS', 'Chicken Wings', 'Prepared chicken wings', 'KG', 8.80, 0.00, 1.65, 13.20, 280.00, 'ACTIVE', '2026-04-10 08:00:00.000', 'VENDOR_OPS', NULL),
(7026, 102, 'INV_V102_CHOCOLATE_ICE_CREAM', 'Chocolate Ice Cream', 'Chocolate ice cream stock', 'KG', 11.00, 0.00, 2.20, 17.60, 210.00, 'ACTIVE', '2026-04-10 08:00:00.000', 'VENDOR_OPS', NULL),
(7027, 102, 'INV_V102_CHOCOLATE_SYRUP', 'Chocolate Syrup', 'Chocolate syrup for desserts and shakes', 'KG', 6.60, 0.00, 1.10, 11.00, 180.00, 'ACTIVE', '2026-04-10 08:00:00.000', 'VENDOR_OPS', NULL),
(7028, 102, 'INV_V102_GARLIC_BREAD_LOAF', 'Garlic Bread Loaf', 'Garlic bread or baguette loaf', 'PCS', 44, 0, 9, 77, 22.00, 'ACTIVE', '2026-04-10 08:00:00.000', 'VENDOR_OPS', NULL),
(7029, 102, 'INV_V102_LASAGNA_SHEET', 'Lasagna Sheets', 'Lasagna sheets for baked dishes', 'KG', 4.40, 0.00, 0.88, 6.60, 180.00, 'ACTIVE', '2026-04-10 08:00:00.000', 'VENDOR_OPS', NULL),
(7030, 102, 'INV_V102_LAVA_CAKE_UNIT', 'Choco Lava Cake Unit', 'Prepared choco lava cake unit', 'PCS', 33, 0, 9, 55, 38.00, 'ACTIVE', '2026-04-10 08:00:00.000', 'VENDOR_OPS', NULL),
(7031, 102, 'INV_V102_MAYO', 'Mayonnaise', 'Mayonnaise for burgers and sandwiches', 'LITER', 6.60, 0.00, 1.10, 11.00, 140.00, 'ACTIVE', '2026-04-10 08:00:00.000', 'VENDOR_OPS', NULL),
(7032, 102, 'INV_V102_MOZZARELLA', 'Mozzarella Cheese', 'Mozzarella cheese for pizzas and bakes', 'KG', 13.20, 0.00, 2.75, 22.00, 340.00, 'ACTIVE', '2026-04-10 08:00:00.000', 'VENDOR_OPS', NULL),
(7033, 102, 'INV_V102_PANEER_TIKKA_TOPPING', 'Paneer Tikka Topping', 'Marinated paneer topping for pizzas', 'KG', 6.60, 0.00, 1.10, 11.00, 290.00, 'ACTIVE', '2026-04-10 08:00:00.000', 'VENDOR_OPS', NULL),
(7034, 102, 'INV_V102_PASTA_DRY', 'Dry Pasta', 'Dry pasta for continental dishes', 'KG', 11.00, 0.00, 2.20, 17.60, 105.00, 'ACTIVE', '2026-04-10 08:00:00.000', 'VENDOR_OPS', NULL),
(7035, 102, 'INV_V102_PERI_PERI_SEASONING', 'Peri Peri Seasoning', 'Peri peri spice mix for fries and pizzas', 'KG', 3.30, 0.00, 0.55, 5.50, 260.00, 'ACTIVE', '2026-04-10 08:00:00.000', 'VENDOR_OPS', NULL),
(7036, 102, 'INV_V102_PIZZA_BASE', 'Pizza Base', 'Prepared pizza base', 'PCS', 88, 0, 22, 154, 18.00, 'ACTIVE', '2026-04-10 08:00:00.000', 'VENDOR_OPS', NULL),
(7037, 102, 'INV_V102_PIZZA_SAUCE', 'Pizza Sauce', 'Tomato pizza sauce', 'KG', 11.00, 0.00, 2.20, 17.60, 120.00, 'ACTIVE', '2026-04-10 08:00:00.000', 'VENDOR_OPS', NULL),
(7038, 102, 'INV_V102_PIZZA_VEG_TOPPING', 'Pizza Veg Topping Mix', 'Mixed pizza toppings with onion, capsicum and olives', 'KG', 11.00, 0.00, 2.20, 17.60, 130.00, 'ACTIVE', '2026-04-10 08:00:00.000', 'VENDOR_OPS', NULL),
(7039, 102, 'INV_V102_RED_SAUCE', 'Red Sauce Base', 'Prepared tomato red sauce base', 'KG', 8.80, 0.00, 1.65, 13.20, 130.00, 'ACTIVE', '2026-04-10 08:00:00.000', 'VENDOR_OPS', NULL),
(7040, 102, 'INV_V102_SWEET_CORN', 'Sweet Corn', 'Sweet corn kernels for pizzas and sandwiches', 'KG', 8.80, 0.00, 1.65, 13.20, 95.00, 'ACTIVE', '2026-04-10 08:00:00.000', 'VENDOR_OPS', NULL),
(7041, 102, 'INV_V102_VANILLA_ICE_CREAM', 'Vanilla Ice Cream', 'Vanilla ice cream stock', 'KG', 11.00, 0.00, 2.20, 17.60, 190.00, 'ACTIVE', '2026-04-10 08:00:00.000', 'VENDOR_OPS', NULL),
(7042, 102, 'INV_V102_WHITE_SAUCE', 'White Sauce Base', 'Prepared white sauce base', 'KG', 8.80, 0.00, 1.65, 13.20, 160.00, 'ACTIVE', '2026-04-10 08:00:00.000', 'VENDOR_OPS', NULL),
(7043, 103, 'INV_V103_BASMATI_RICE', 'Basmati Rice', 'Premium rice for biryani, fried rice and combos', 'KG', 31.50, 0.00, 6.30, 52.50, 82.00, 'ACTIVE', '2026-04-10 08:00:00.000', 'VENDOR_OPS', NULL),
(7044, 103, 'INV_V103_BREAD_LOAF', 'Bread Loaf', 'Sandwich bread loaf', 'PCS', 32, 0, 6, 52, 28.00, 'ACTIVE', '2026-04-10 08:00:00.000', 'VENDOR_OPS', NULL),
(7045, 103, 'INV_V103_BROWN_RICE', 'Brown Rice', 'Brown rice for healthy bowls', 'KG', 8.40, 0.00, 1.575, 12.60, 96.00, 'ACTIVE', '2026-04-10 08:00:00.000', 'VENDOR_OPS', NULL),
(7046, 103, 'INV_V103_CAPSICUM', 'Capsicum', 'Fresh capsicum for Chinese dishes and toppings', 'KG', 8.40, 0.00, 1.575, 12.60, 70.00, 'ACTIVE', '2026-04-10 08:00:00.000', 'VENDOR_OPS', NULL),
(7047, 103, 'INV_V103_CHICKEN', 'Chicken', 'Fresh chicken for curry, rice and rolls', 'KG', 18.90, 0.00, 4.20, 29.40, 260.00, 'ACTIVE', '2026-04-10 08:00:00.000', 'VENDOR_OPS', NULL),
(7048, 103, 'INV_V103_COFFEE_PREMIX', 'Coffee Premix', 'Coffee premix for coffee beverages', 'KG', 4.20, 0.00, 0.84, 6.30, 320.00, 'ACTIVE', '2026-04-10 08:00:00.000', 'VENDOR_OPS', NULL),
(7049, 103, 'INV_V103_CURD', 'Curd', 'Fresh curd for rice, chaas, chaat and lassi', 'KG', 14.70, 0.00, 3.15, 25.20, 68.00, 'ACTIVE', '2026-04-10 08:00:00.000', 'VENDOR_OPS', NULL),
(7050, 103, 'INV_V103_EGG', 'Egg', 'Fresh eggs', 'PCS', 126, 0, 25, 210, 6.50, 'ACTIVE', '2026-04-10 08:00:00.000', 'VENDOR_OPS', NULL),
(7051, 103, 'INV_V103_LEMON', 'Lemon', 'Fresh lemon for beverages and iced tea', 'KG', 8.40, 0.00, 1.575, 12.60, 75.00, 'ACTIVE', '2026-04-10 08:00:00.000', 'VENDOR_OPS', NULL),
(7052, 103, 'INV_V103_MANCHURIAN_BALLS', 'Veg Manchurian Balls', 'Prepared veg manchurian balls for gravy dishes', 'KG', 6.30, 0.00, 1.05, 10.50, 180.00, 'ACTIVE', '2026-04-10 08:00:00.000', 'VENDOR_OPS', NULL),
(7053, 103, 'INV_V103_MILK', 'Milk', 'Fresh milk for beverages and shakes', 'LITER', 25.20, 0.00, 5.25, 37.80, 58.00, 'ACTIVE', '2026-04-10 08:00:00.000', 'VENDOR_OPS', NULL),
(7054, 103, 'INV_V103_MINERAL_WATER_BOTTLE', 'Mineral Water Bottle', 'Packaged drinking water bottle', 'BOTTLE', 126, 0, 25, 210, 9.00, 'ACTIVE', '2026-04-10 08:00:00.000', 'VENDOR_OPS', NULL),
(7055, 103, 'INV_V103_MIXED_VEG', 'Mixed Vegetables', 'Assorted vegetables for curries, rice and noodles', 'KG', 16.80, 0.00, 3.15, 25.20, 72.00, 'ACTIVE', '2026-04-10 08:00:00.000', 'VENDOR_OPS', NULL),
(7056, 103, 'INV_V103_NOODLES', 'Noodles', 'Noodles for Indo-Chinese dishes', 'KG', 12.60, 0.00, 2.10, 18.90, 95.00, 'ACTIVE', '2026-04-10 08:00:00.000', 'VENDOR_OPS', NULL),
(7057, 103, 'INV_V103_ONION', 'Onion', 'Fresh onion for gravies and fillings', 'KG', 18.90, 0.00, 4.20, 31.50, 28.00, 'ACTIVE', '2026-04-10 08:00:00.000', 'VENDOR_OPS', NULL),
(7058, 103, 'INV_V103_PANEER', 'Paneer Cubes', 'Fresh paneer for curries, rolls, pizzas and rice dishes', 'KG', 12.60, 0.00, 2.625, 21.00, 260.00, 'ACTIVE', '2026-04-10 08:00:00.000', 'VENDOR_OPS', NULL),
(7059, 103, 'INV_V103_POTATO', 'Potato', 'Potato for fries, chaat and curries', 'KG', 31.50, 0.00, 6.30, 52.50, 24.00, 'ACTIVE', '2026-04-10 08:00:00.000', 'VENDOR_OPS', NULL),
(7060, 103, 'INV_V103_QUINOA', 'Quinoa', 'Quinoa for healthy bowls', 'KG', 6.30, 0.00, 1.05, 10.50, 220.00, 'ACTIVE', '2026-04-10 08:00:00.000', 'VENDOR_OPS', NULL),
(7061, 103, 'INV_V103_SANDWICH_FILLING', 'Sandwich Veg Filling', 'Prepared sandwich vegetable filling', 'KG', 8.40, 0.00, 1.575, 12.60, 95.00, 'ACTIVE', '2026-04-10 08:00:00.000', 'VENDOR_OPS', NULL),
(7062, 103, 'INV_V103_SCHEZWAN_SAUCE', 'Schezwan Sauce', 'Schezwan sauce for Chinese preparations', 'KG', 6.30, 0.00, 1.05, 10.50, 140.00, 'ACTIVE', '2026-04-10 08:00:00.000', 'VENDOR_OPS', NULL),
(7063, 103, 'INV_V103_SEASONAL_FRUIT', 'Seasonal Fruit Mix', 'Seasonal fruits for fruit bowls', 'KG', 10.50, 0.00, 2.10, 16.80, 110.00, 'ACTIVE', '2026-04-10 08:00:00.000', 'VENDOR_OPS', NULL),
(7064, 103, 'INV_V103_SOY_SAUCE', 'Soy Sauce', 'Soy sauce for Chinese cooking', 'LITER', 5.25, 0.00, 1.05, 8.40, 90.00, 'ACTIVE', '2026-04-10 08:00:00.000', 'VENDOR_OPS', NULL),
(7065, 103, 'INV_V103_SPROUTS', 'Sprouts', 'Fresh sprouts for salads and bowls', 'KG', 6.30, 0.00, 1.05, 10.50, 85.00, 'ACTIVE', '2026-04-10 08:00:00.000', 'VENDOR_OPS', NULL),
(7066, 103, 'INV_V103_TOMATO', 'Tomato', 'Fresh tomato for gravies, sauces and toppings', 'KG', 21.00, 0.00, 4.20, 33.60, 32.00, 'ACTIVE', '2026-04-10 08:00:00.000', 'VENDOR_OPS', NULL),
(7067, 103, 'INV_V103_TOOR_DAL', 'Toor Dal', 'Split pigeon peas for dal preparations', 'KG', 10.50, 0.00, 2.10, 16.80, 125.00, 'ACTIVE', '2026-04-10 08:00:00.000', 'VENDOR_OPS', NULL),
(7068, 104, 'INV_V104_BASMATI_RICE', 'Basmati Rice', 'Premium rice for biryani, fried rice and combos', 'KG', 28.50, 0.00, 5.70, 47.50, 82.00, 'ACTIVE', '2026-04-10 08:00:00.000', 'VENDOR_OPS', NULL),
(7069, 104, 'INV_V104_BREAD_LOAF', 'Bread Loaf', 'Sandwich bread loaf', 'PCS', 28, 0, 6, 48, 28.00, 'ACTIVE', '2026-04-10 08:00:00.000', 'VENDOR_OPS', NULL),
(7070, 104, 'INV_V104_BURGER_BUN', 'Burger Bun', 'Burger buns for burgers', 'PCS', 57, 0, 14, 95, 9.00, 'ACTIVE', '2026-04-10 08:00:00.000', 'VENDOR_OPS', NULL),
(7071, 104, 'INV_V104_COFFEE_PREMIX', 'Coffee Premix', 'Coffee premix for coffee beverages', 'KG', 3.80, 0.00, 0.76, 5.80, 320.00, 'ACTIVE', '2026-04-10 08:00:00.000', 'VENDOR_OPS', NULL),
(7072, 104, 'INV_V104_CURD', 'Curd', 'Fresh curd for rice, chaas, chaat and lassi', 'KG', 13.30, 0.00, 2.85, 22.80, 68.00, 'ACTIVE', '2026-04-10 08:00:00.000', 'VENDOR_OPS', NULL),
(7073, 104, 'INV_V104_FROZEN_FRIES', 'Frozen Fries', 'Frozen potato fries', 'KG', 14.25, 0.00, 2.85, 23.75, 110.00, 'ACTIVE', '2026-04-10 08:00:00.000', 'VENDOR_OPS', NULL),
(7074, 104, 'INV_V104_GARLIC_BREAD_LOAF', 'Garlic Bread Loaf', 'Garlic bread or baguette loaf', 'PCS', 38, 0, 8, 66, 22.00, 'ACTIVE', '2026-04-10 08:00:00.000', 'VENDOR_OPS', NULL),
(7075, 104, 'INV_V104_LEMON', 'Lemon', 'Fresh lemon for beverages and iced tea', 'KG', 7.60, 0.00, 1.425, 11.40, 75.00, 'ACTIVE', '2026-04-10 08:00:00.000', 'VENDOR_OPS', NULL),
(7076, 104, 'INV_V104_MILK', 'Milk', 'Fresh milk for beverages and shakes', 'LITER', 22.80, 0.00, 4.75, 34.20, 58.00, 'ACTIVE', '2026-04-10 08:00:00.000', 'VENDOR_OPS', NULL),
(7077, 104, 'INV_V104_MINERAL_WATER_BOTTLE', 'Mineral Water Bottle', 'Packaged drinking water bottle', 'BOTTLE', 114, 0, 23, 190, 9.00, 'ACTIVE', '2026-04-10 08:00:00.000', 'VENDOR_OPS', NULL),
(7078, 104, 'INV_V104_MIXED_VEG', 'Mixed Vegetables', 'Assorted vegetables for curries, rice and noodles', 'KG', 15.20, 0.00, 2.85, 22.80, 72.00, 'ACTIVE', '2026-04-10 08:00:00.000', 'VENDOR_OPS', NULL),
(7079, 104, 'INV_V104_ONION', 'Onion', 'Fresh onion for gravies and fillings', 'KG', 17.10, 0.00, 3.80, 28.50, 28.00, 'ACTIVE', '2026-04-10 08:00:00.000', 'VENDOR_OPS', NULL),
(7080, 104, 'INV_V104_PANEER', 'Paneer Cubes', 'Fresh paneer for curries, rolls, pizzas and rice dishes', 'KG', 11.40, 0.00, 2.375, 19.00, 260.00, 'ACTIVE', '2026-04-10 08:00:00.000', 'VENDOR_OPS', NULL),
(7081, 104, 'INV_V104_PASTA_DRY', 'Dry Pasta', 'Dry pasta for continental dishes', 'KG', 9.50, 0.00, 1.90, 15.20, 105.00, 'ACTIVE', '2026-04-10 08:00:00.000', 'VENDOR_OPS', NULL),
(7082, 104, 'INV_V104_POTATO', 'Potato', 'Potato for fries, chaat and curries', 'KG', 28.50, 0.00, 5.70, 47.50, 24.00, 'ACTIVE', '2026-04-10 08:00:00.000', 'VENDOR_OPS', NULL),
(7083, 104, 'INV_V104_RED_SAUCE', 'Red Sauce Base', 'Prepared tomato red sauce base', 'KG', 7.60, 0.00, 1.425, 11.40, 130.00, 'ACTIVE', '2026-04-10 08:00:00.000', 'VENDOR_OPS', NULL),
(7084, 104, 'INV_V104_SANDWICH_FILLING', 'Sandwich Veg Filling', 'Prepared sandwich vegetable filling', 'KG', 7.60, 0.00, 1.425, 11.40, 95.00, 'ACTIVE', '2026-04-10 08:00:00.000', 'VENDOR_OPS', NULL),
(7085, 104, 'INV_V104_SODA_BOTTLE', 'Soda Bottle', 'Soda bottle for fresh lime soda', 'BOTTLE', 57, 0, 11, 95, 18.00, 'ACTIVE', '2026-04-10 08:00:00.000', 'VENDOR_OPS', NULL),
(7086, 104, 'INV_V104_TEA_LEAVES', 'Tea Leaves', 'Tea leaves for tea preparations', 'KG', 2.85, 0.00, 0.475, 4.85, 420.00, 'ACTIVE', '2026-04-10 08:00:00.000', 'VENDOR_OPS', NULL),
(7087, 104, 'INV_V104_TOMATO', 'Tomato', 'Fresh tomato for gravies, sauces and toppings', 'KG', 19.00, 0.00, 3.80, 30.40, 32.00, 'ACTIVE', '2026-04-10 08:00:00.000', 'VENDOR_OPS', NULL),
(7088, 104, 'INV_V104_TOOR_DAL', 'Toor Dal', 'Split pigeon peas for dal preparations', 'KG', 9.50, 0.00, 1.90, 15.20, 125.00, 'ACTIVE', '2026-04-10 08:00:00.000', 'VENDOR_OPS', NULL),
(7089, 104, 'INV_V104_VEG_PATTY', 'Veg Patty', 'Prepared veg patty for burgers', 'PCS', 43, 0, 10, 66, 18.00, 'ACTIVE', '2026-04-10 08:00:00.000', 'VENDOR_OPS', NULL),
(7090, 104, 'INV_V104_WHITE_SAUCE', 'White Sauce Base', 'Prepared white sauce base', 'KG', 7.60, 0.00, 1.425, 11.40, 160.00, 'ACTIVE', '2026-04-10 08:00:00.000', 'VENDOR_OPS', NULL),
(7091, 105, 'INV_V105_ALOO_TIKKI', 'Aloo Tikki', 'Prepared aloo tikki patty', 'PCS', 80, 0, 16, 130, 9.00, 'ACTIVE', '2026-04-10 08:00:00.000', 'VENDOR_OPS', NULL),
(7092, 105, 'INV_V105_BLACK_FOREST_PASTRY', 'Black Forest Pastry', 'Prepared black forest pastry', 'PCS', 24, 0, 5, 36, 32.00, 'ACTIVE', '2026-04-10 08:00:00.000', 'VENDOR_OPS', NULL),
(7093, 105, 'INV_V105_BREAD_LOAF', 'Bread Loaf', 'Sandwich bread loaf', 'PCS', 30, 0, 6, 50, 28.00, 'ACTIVE', '2026-04-10 08:00:00.000', 'VENDOR_OPS', NULL),
(7094, 105, 'INV_V105_BROWNIE_SLICE', 'Brownie Slice', 'Prepared brownie portion', 'PCS', 40, 0, 8, 70, 24.00, 'ACTIVE', '2026-04-10 08:00:00.000', 'VENDOR_OPS', NULL),
(7095, 105, 'INV_V105_CHEESE_SLICE', 'Cheese Slice', 'Processed cheese slice', 'PCS', 120, 0, 25, 200, 7.00, 'ACTIVE', '2026-04-10 08:00:00.000', 'VENDOR_OPS', NULL),
(7096, 105, 'INV_V105_CHOCOLATE_PASTRY', 'Chocolate Pastry', 'Prepared chocolate pastry', 'PCS', 24, 0, 5, 36, 30.00, 'ACTIVE', '2026-04-10 08:00:00.000', 'VENDOR_OPS', NULL),
(7097, 105, 'INV_V105_COFFEE_PREMIX', 'Coffee Premix', 'Coffee premix for coffee beverages', 'KG', 4.00, 0.00, 0.80, 6.00, 320.00, 'ACTIVE', '2026-04-10 08:00:00.000', 'VENDOR_OPS', NULL),
(7098, 105, 'INV_V105_COOKIES_PACK', 'Cookies Pack', 'Packed cookies', 'PCS', 50, 0, 10, 80, 18.00, 'ACTIVE', '2026-04-10 08:00:00.000', 'VENDOR_OPS', NULL),
(7099, 105, 'INV_V105_CREAM_ROLL', 'Cream Roll', 'Prepared cream roll', 'PCS', 25, 0, 6, 40, 18.00, 'ACTIVE', '2026-04-10 08:00:00.000', 'VENDOR_OPS', NULL),
(7100, 105, 'INV_V105_CROISSANT', 'Butter Croissant', 'Prepared butter croissant', 'PCS', 24, 0, 6, 40, 22.00, 'ACTIVE', '2026-04-10 08:00:00.000', 'VENDOR_OPS', NULL),
(7101, 105, 'INV_V105_CURD', 'Curd', 'Fresh curd for rice, chaas, chaat and lassi', 'KG', 14.00, 0.00, 3.00, 24.00, 68.00, 'ACTIVE', '2026-04-10 08:00:00.000', 'VENDOR_OPS', NULL),
(7102, 105, 'INV_V105_CUSTARD_BASE', 'Custard Base', 'Prepared custard base', 'KG', 5.00, 0.00, 1.00, 8.00, 90.00, 'ACTIVE', '2026-04-10 08:00:00.000', 'VENDOR_OPS', NULL),
(7103, 105, 'INV_V105_CUT_FRUITS', 'Cut Fruits', 'Mixed cut fruits for bowls and custard', 'KG', 8.00, 0.00, 1.50, 12.00, 120.00, 'ACTIVE', '2026-04-10 08:00:00.000', 'VENDOR_OPS', NULL),
(7104, 105, 'INV_V105_ELAICHI', 'Cardamom', 'Cardamom for tea flavouring', 'KG', 0.80, 0.00, 0.10, 2.80, 1600.00, 'ACTIVE', '2026-04-10 08:00:00.000', 'VENDOR_OPS', NULL),
(7105, 105, 'INV_V105_GINGER', 'Ginger', 'Fresh ginger for tea', 'KG', 3.00, 0.00, 0.50, 5.00, 95.00, 'ACTIVE', '2026-04-10 08:00:00.000', 'VENDOR_OPS', NULL),
(7106, 105, 'INV_V105_GREEN_CHUTNEY', 'Green Chutney', 'Spicy green chutney', 'KG', 4.00, 0.00, 0.80, 6.00, 95.00, 'ACTIVE', '2026-04-10 08:00:00.000', 'VENDOR_OPS', NULL),
(7107, 105, 'INV_V105_GULAB_JAMUN', 'Gulab Jamun Piece', 'Prepared gulab jamun piece', 'PCS', 80, 0, 20, 140, 9.00, 'ACTIVE', '2026-04-10 08:00:00.000', 'VENDOR_OPS', NULL),
(7108, 105, 'INV_V105_KHARI_PACK', 'Khari Biscuit Pack', 'Khari biscuit pack', 'PCS', 40, 0, 8, 70, 16.00, 'ACTIVE', '2026-04-10 08:00:00.000', 'VENDOR_OPS', NULL),
(7109, 105, 'INV_V105_LEMON', 'Lemon', 'Fresh lemon for beverages and iced tea', 'KG', 8.00, 0.00, 1.50, 12.00, 75.00, 'ACTIVE', '2026-04-10 08:00:00.000', 'VENDOR_OPS', NULL),
(7110, 105, 'INV_V105_MAGGI_MASALA', 'Maggi Masala Mix', 'Seasoning mix for Maggi', 'KG', 3.00, 0.00, 0.50, 5.00, 240.00, 'ACTIVE', '2026-04-10 08:00:00.000', 'VENDOR_OPS', NULL),
(7111, 105, 'INV_V105_MAGGI_NOODLES_PACK', 'Maggi Noodles Pack', 'Instant noodles pack', 'PACK', 80, 0, 15, 130, 14.00, 'ACTIVE', '2026-04-10 08:00:00.000', 'VENDOR_OPS', NULL),
(7112, 105, 'INV_V105_MILK', 'Milk', 'Fresh milk for beverages and shakes', 'LITER', 24.00, 0.00, 5.00, 36.00, 58.00, 'ACTIVE', '2026-04-10 08:00:00.000', 'VENDOR_OPS', NULL),
(7113, 105, 'INV_V105_MINERAL_WATER_BOTTLE', 'Mineral Water Bottle', 'Packaged drinking water bottle', 'BOTTLE', 120, 0, 24, 200, 9.00, 'ACTIVE', '2026-04-10 08:00:00.000', 'VENDOR_OPS', NULL),
(7114, 105, 'INV_V105_MUFFIN', 'Muffin', 'Prepared muffin unit', 'PCS', 30, 0, 8, 50, 20.00, 'ACTIVE', '2026-04-10 08:00:00.000', 'VENDOR_OPS', NULL),
(7115, 105, 'INV_V105_PANEER_PUFF', 'Paneer Puff', 'Prepared paneer puff', 'PCS', 30, 0, 6, 50, 20.00, 'ACTIVE', '2026-04-10 08:00:00.000', 'VENDOR_OPS', NULL),
(7116, 105, 'INV_V105_PAPDI_PIECES', 'Papdi Pieces', 'Papdi pieces for chaat', 'PCS', 250, 0, 50, 400, 1.00, 'ACTIVE', '2026-04-10 08:00:00.000', 'VENDOR_OPS', NULL),
(7117, 105, 'INV_V105_PURI_SHELL', 'Puri Shell', 'Puri shell for dahi puri and sev puri', 'PCS', 300, 0, 60, 500, 0.80, 'ACTIVE', '2026-04-10 08:00:00.000', 'VENDOR_OPS', NULL),
(7118, 105, 'INV_V105_RASMALAI', 'Rasmalai Piece', 'Prepared rasmalai piece', 'PCS', 40, 0, 10, 70, 18.00, 'ACTIVE', '2026-04-10 08:00:00.000', 'VENDOR_OPS', NULL),
(7119, 105, 'INV_V105_SAMOSA', 'Samosa', 'Prepared samosa piece', 'PCS', 120, 0, 24, 200, 10.00, 'ACTIVE', '2026-04-10 08:00:00.000', 'VENDOR_OPS', NULL),
(7120, 105, 'INV_V105_SANDWICH_FILLING', 'Sandwich Veg Filling', 'Prepared sandwich vegetable filling', 'KG', 8.00, 0.00, 1.50, 12.00, 95.00, 'ACTIVE', '2026-04-10 08:00:00.000', 'VENDOR_OPS', NULL),
(7121, 105, 'INV_V105_SEV', 'Sev', 'Sev topping for chaat', 'KG', 4.00, 0.00, 0.80, 6.00, 140.00, 'ACTIVE', '2026-04-10 08:00:00.000', 'VENDOR_OPS', NULL),
(7122, 105, 'INV_V105_SODA_BOTTLE', 'Soda Bottle', 'Soda bottle for fresh lime soda', 'BOTTLE', 60, 0, 12, 100, 18.00, 'ACTIVE', '2026-04-10 08:00:00.000', 'VENDOR_OPS', NULL),
(7123, 105, 'INV_V105_TAMARIND_CHUTNEY', 'Tamarind Chutney', 'Sweet tamarind chutney', 'KG', 5.00, 0.00, 1.00, 8.00, 120.00, 'ACTIVE', '2026-04-10 08:00:00.000', 'VENDOR_OPS', NULL),
(7124, 105, 'INV_V105_TEA_CAKE_SLICE', 'Tea Cake Slice', 'Slice of tea cake', 'PCS', 28, 0, 6, 45, 18.00, 'ACTIVE', '2026-04-10 08:00:00.000', 'VENDOR_OPS', NULL),
(7125, 105, 'INV_V105_TEA_LEAVES', 'Tea Leaves', 'Tea leaves for tea preparations', 'KG', 3.00, 0.00, 0.50, 5.00, 420.00, 'ACTIVE', '2026-04-10 08:00:00.000', 'VENDOR_OPS', NULL),
(7126, 105, 'INV_V105_VEG_PUFF', 'Veg Puff', 'Prepared veg puff', 'PCS', 35, 0, 8, 60, 16.00, 'ACTIVE', '2026-04-10 08:00:00.000', 'VENDOR_OPS', NULL),
(7127, 106, 'INV_V106_BREAD_LOAF', 'Bread Loaf', 'Sandwich bread loaf', 'PCS', 28, 0, 6, 48, 28.00, 'ACTIVE', '2026-04-10 08:00:00.000', 'VENDOR_OPS', NULL),
(7128, 106, 'INV_V106_BRUSCHETTA_TOPPING', 'Bruschetta Topping Mix', 'Herbed tomato topping for bruschetta', 'KG', 4.75, 0.00, 0.95, 7.60, 145.00, 'ACTIVE', '2026-04-10 08:00:00.000', 'VENDOR_OPS', NULL),
(7129, 106, 'INV_V106_BURGER_BUN', 'Burger Bun', 'Burger buns for burgers', 'PCS', 57, 0, 14, 95, 9.00, 'ACTIVE', '2026-04-10 08:00:00.000', 'VENDOR_OPS', NULL),
(7130, 106, 'INV_V106_CHEESE_SLICE', 'Cheese Slice', 'Processed cheese slice', 'PCS', 114, 0, 24, 190, 7.00, 'ACTIVE', '2026-04-10 08:00:00.000', 'VENDOR_OPS', NULL),
(7131, 106, 'INV_V106_FROZEN_FRIES', 'Frozen Fries', 'Frozen potato fries', 'KG', 14.25, 0.00, 2.85, 23.75, 110.00, 'ACTIVE', '2026-04-10 08:00:00.000', 'VENDOR_OPS', NULL),
(7132, 106, 'INV_V106_GARLIC_BREAD_LOAF', 'Garlic Bread Loaf', 'Garlic bread or baguette loaf', 'PCS', 38, 0, 8, 66, 22.00, 'ACTIVE', '2026-04-10 08:00:00.000', 'VENDOR_OPS', NULL),
(7133, 106, 'INV_V106_HERB_BUTTER', 'Herb Butter', 'Garlic herb butter spread', 'KG', 3.80, 0.00, 0.76, 5.80, 280.00, 'ACTIVE', '2026-04-10 08:00:00.000', 'VENDOR_OPS', NULL),
(7134, 106, 'INV_V106_MAYO', 'Mayonnaise', 'Mayonnaise for burgers and sandwiches', 'LITER', 5.70, 0.00, 0.95, 9.50, 140.00, 'ACTIVE', '2026-04-10 08:00:00.000', 'VENDOR_OPS', NULL),
(7135, 106, 'INV_V106_MOZZARELLA', 'Mozzarella Cheese', 'Mozzarella cheese for pizzas and bakes', 'KG', 11.40, 0.00, 2.375, 19.00, 340.00, 'ACTIVE', '2026-04-10 08:00:00.000', 'VENDOR_OPS', NULL),
(7136, 106, 'INV_V106_MUSHROOM', 'Mushroom', 'Fresh mushrooms for pizzas and continental dishes', 'KG', 5.70, 0.00, 0.95, 9.50, 160.00, 'ACTIVE', '2026-04-10 08:00:00.000', 'VENDOR_OPS', NULL),
(7137, 106, 'INV_V106_ONION_RINGS', 'Onion Rings', 'Prepared onion rings for frying', 'KG', 7.60, 0.00, 1.425, 11.40, 120.00, 'ACTIVE', '2026-04-10 08:00:00.000', 'VENDOR_OPS', NULL),
(7138, 106, 'INV_V106_PANEER', 'Paneer Cubes', 'Fresh paneer for curries, rolls, pizzas and rice dishes', 'KG', 11.40, 0.00, 2.375, 19.00, 260.00, 'ACTIVE', '2026-04-10 08:00:00.000', 'VENDOR_OPS', NULL),
(7139, 106, 'INV_V106_PASTA_DRY', 'Dry Pasta', 'Dry pasta for continental dishes', 'KG', 9.50, 0.00, 1.90, 15.20, 105.00, 'ACTIVE', '2026-04-10 08:00:00.000', 'VENDOR_OPS', NULL),
(7140, 106, 'INV_V106_PERI_PERI_SEASONING', 'Peri Peri Seasoning', 'Peri peri spice mix for fries and pizzas', 'KG', 2.85, 0.00, 0.475, 4.85, 260.00, 'ACTIVE', '2026-04-10 08:00:00.000', 'VENDOR_OPS', NULL),
(7141, 106, 'INV_V106_PIZZA_BASE', 'Pizza Base', 'Prepared pizza base', 'PCS', 76, 0, 19, 133, 18.00, 'ACTIVE', '2026-04-10 08:00:00.000', 'VENDOR_OPS', NULL),
(7142, 106, 'INV_V106_PIZZA_SAUCE', 'Pizza Sauce', 'Tomato pizza sauce', 'KG', 9.50, 0.00, 1.90, 15.20, 120.00, 'ACTIVE', '2026-04-10 08:00:00.000', 'VENDOR_OPS', NULL),
(7143, 106, 'INV_V106_PIZZA_VEG_TOPPING', 'Pizza Veg Topping Mix', 'Mixed pizza toppings with onion, capsicum and olives', 'KG', 9.50, 0.00, 1.90, 15.20, 130.00, 'ACTIVE', '2026-04-10 08:00:00.000', 'VENDOR_OPS', NULL),
(7144, 106, 'INV_V106_POTATO_WEDGES', 'Potato Wedges', 'Prepared potato wedges', 'KG', 9.50, 0.00, 1.90, 15.20, 95.00, 'ACTIVE', '2026-04-10 08:00:00.000', 'VENDOR_OPS', NULL),
(7145, 106, 'INV_V106_RED_SAUCE', 'Red Sauce Base', 'Prepared tomato red sauce base', 'KG', 7.60, 0.00, 1.425, 11.40, 130.00, 'ACTIVE', '2026-04-10 08:00:00.000', 'VENDOR_OPS', NULL),
(7146, 106, 'INV_V106_SANDWICH_FILLING', 'Sandwich Veg Filling', 'Prepared sandwich vegetable filling', 'KG', 7.60, 0.00, 1.425, 11.40, 95.00, 'ACTIVE', '2026-04-10 08:00:00.000', 'VENDOR_OPS', NULL),
(7147, 106, 'INV_V106_SWEET_CORN', 'Sweet Corn', 'Sweet corn kernels for pizzas and sandwiches', 'KG', 7.60, 0.00, 1.425, 11.40, 95.00, 'ACTIVE', '2026-04-10 08:00:00.000', 'VENDOR_OPS', NULL),
(7148, 106, 'INV_V106_VEG_PATTY', 'Veg Patty', 'Prepared veg patty for burgers', 'PCS', 43, 0, 10, 66, 18.00, 'ACTIVE', '2026-04-10 08:00:00.000', 'VENDOR_OPS', NULL),
(7149, 106, 'INV_V106_WHITE_SAUCE', 'White Sauce Base', 'Prepared white sauce base', 'KG', 7.60, 0.00, 1.425, 11.40, 160.00, 'ACTIVE', '2026-04-10 08:00:00.000', 'VENDOR_OPS', NULL),
(7150, 106, 'INV_V106_WRAP_SHEET', 'Wrap Sheet', 'Soft tortilla or wrap sheet', 'PCS', 57, 0, 11, 95, 8.00, 'ACTIVE', '2026-04-10 08:00:00.000', 'VENDOR_OPS', NULL),
(7151, 107, 'INV_V107_BASMATI_RICE', 'Basmati Rice', 'Premium rice for biryani, fried rice and combos', 'KG', 33.00, 0.00, 6.60, 55.00, 82.00, 'ACTIVE', '2026-04-10 08:00:00.000', 'VENDOR_OPS', NULL),
(7152, 107, 'INV_V107_BURGER_BUN', 'Burger Bun', 'Burger buns for burgers', 'PCS', 66, 0, 16, 110, 9.00, 'ACTIVE', '2026-04-10 08:00:00.000', 'VENDOR_OPS', NULL),
(7153, 107, 'INV_V107_CHEESE_BALLS', 'Cheese Balls', 'Prepared cheese balls', 'PCS', 88, 0, 18, 143, 8.00, 'ACTIVE', '2026-04-10 08:00:00.000', 'VENDOR_OPS', NULL),
(7154, 107, 'INV_V107_CHICKEN', 'Chicken', 'Fresh chicken for curry, rice and rolls', 'KG', 19.80, 0.00, 4.40, 30.80, 260.00, 'ACTIVE', '2026-04-10 08:00:00.000', 'VENDOR_OPS', NULL),
(7155, 107, 'INV_V107_CHICKEN_NUGGETS', 'Chicken Nuggets', 'Prepared chicken nuggets', 'PCS', 88, 0, 18, 143, 10.00, 'ACTIVE', '2026-04-10 08:00:00.000', 'VENDOR_OPS', NULL),
(7156, 107, 'INV_V107_CHICKEN_PATTY', 'Chicken Patty', 'Prepared chicken patty for burgers', 'PCS', 38, 0, 9, 66, 32.00, 'ACTIVE', '2026-04-10 08:00:00.000', 'VENDOR_OPS', NULL),
(7157, 107, 'INV_V107_CHICKEN_TIKKA_TOPPING', 'Chicken Tikka Topping', 'Prepared chicken tikka pieces for pizzas', 'KG', 6.60, 0.00, 1.10, 11.00, 320.00, 'ACTIVE', '2026-04-10 08:00:00.000', 'VENDOR_OPS', NULL),
(7158, 107, 'INV_V107_CHOCOLATE_SYRUP', 'Chocolate Syrup', 'Chocolate syrup for desserts and shakes', 'KG', 6.60, 0.00, 1.10, 11.00, 180.00, 'ACTIVE', '2026-04-10 08:00:00.000', 'VENDOR_OPS', NULL),
(7159, 107, 'INV_V107_COFFEE_PREMIX', 'Coffee Premix', 'Coffee premix for coffee beverages', 'KG', 4.40, 0.00, 0.88, 6.60, 320.00, 'ACTIVE', '2026-04-10 08:00:00.000', 'VENDOR_OPS', NULL),
(7160, 107, 'INV_V107_COOKIE_CRUMBS', 'Chocolate Cookie Crumbs', 'Cookie crumbs for thick shakes', 'KG', 4.40, 0.00, 0.88, 6.60, 210.00, 'ACTIVE', '2026-04-10 08:00:00.000', 'VENDOR_OPS', NULL),
(7161, 107, 'INV_V107_FROZEN_FRIES', 'Frozen Fries', 'Frozen potato fries', 'KG', 16.50, 0.00, 3.30, 27.50, 110.00, 'ACTIVE', '2026-04-10 08:00:00.000', 'VENDOR_OPS', NULL),
(7162, 107, 'INV_V107_LEMON', 'Lemon', 'Fresh lemon for beverages and iced tea', 'KG', 8.80, 0.00, 1.65, 13.20, 75.00, 'ACTIVE', '2026-04-10 08:00:00.000', 'VENDOR_OPS', NULL),
(7163, 107, 'INV_V107_MANCHURIAN_BALLS', 'Veg Manchurian Balls', 'Prepared veg manchurian balls for gravy dishes', 'KG', 6.60, 0.00, 1.10, 11.00, 180.00, 'ACTIVE', '2026-04-10 08:00:00.000', 'VENDOR_OPS', NULL),
(7164, 107, 'INV_V107_MAYO', 'Mayonnaise', 'Mayonnaise for burgers and sandwiches', 'LITER', 6.60, 0.00, 1.10, 11.00, 140.00, 'ACTIVE', '2026-04-10 08:00:00.000', 'VENDOR_OPS', NULL),
(7165, 107, 'INV_V107_MILK', 'Milk', 'Fresh milk for beverages and shakes', 'LITER', 26.40, 0.00, 5.50, 39.60, 58.00, 'ACTIVE', '2026-04-10 08:00:00.000', 'VENDOR_OPS', NULL),
(7166, 107, 'INV_V107_MINERAL_WATER_BOTTLE', 'Mineral Water Bottle', 'Packaged drinking water bottle', 'BOTTLE', 132, 0, 26, 220, 9.00, 'ACTIVE', '2026-04-10 08:00:00.000', 'VENDOR_OPS', NULL),
(7167, 107, 'INV_V107_MINT', 'Mint Leaves', 'Fresh mint for coolers and chutneys', 'KG', 2.75, 0.00, 0.55, 4.75, 90.00, 'ACTIVE', '2026-04-10 08:00:00.000', 'VENDOR_OPS', NULL),
(7168, 107, 'INV_V107_MIXED_VEG', 'Mixed Vegetables', 'Assorted vegetables for curries, rice and noodles', 'KG', 17.60, 0.00, 3.30, 26.40, 72.00, 'ACTIVE', '2026-04-10 08:00:00.000', 'VENDOR_OPS', NULL),
(7169, 107, 'INV_V107_MOZZARELLA', 'Mozzarella Cheese', 'Mozzarella cheese for pizzas and bakes', 'KG', 13.20, 0.00, 2.75, 22.00, 340.00, 'ACTIVE', '2026-04-10 08:00:00.000', 'VENDOR_OPS', NULL),
(7170, 107, 'INV_V107_NOODLES', 'Noodles', 'Noodles for Indo-Chinese dishes', 'KG', 13.20, 0.00, 2.20, 19.80, 95.00, 'ACTIVE', '2026-04-10 08:00:00.000', 'VENDOR_OPS', NULL),
(7171, 107, 'INV_V107_PANEER', 'Paneer Cubes', 'Fresh paneer for curries, rolls, pizzas and rice dishes', 'KG', 13.20, 0.00, 2.75, 22.00, 260.00, 'ACTIVE', '2026-04-10 08:00:00.000', 'VENDOR_OPS', NULL),
(7172, 107, 'INV_V107_PERI_PERI_SEASONING', 'Peri Peri Seasoning', 'Peri peri spice mix for fries and pizzas', 'KG', 3.30, 0.00, 0.55, 5.50, 260.00, 'ACTIVE', '2026-04-10 08:00:00.000', 'VENDOR_OPS', NULL),
(7173, 107, 'INV_V107_PIZZA_BASE', 'Pizza Base', 'Prepared pizza base', 'PCS', 88, 0, 22, 154, 18.00, 'ACTIVE', '2026-04-10 08:00:00.000', 'VENDOR_OPS', NULL),
(7174, 107, 'INV_V107_PIZZA_SAUCE', 'Pizza Sauce', 'Tomato pizza sauce', 'KG', 11.00, 0.00, 2.20, 17.60, 120.00, 'ACTIVE', '2026-04-10 08:00:00.000', 'VENDOR_OPS', NULL),
(7175, 107, 'INV_V107_PIZZA_VEG_TOPPING', 'Pizza Veg Topping Mix', 'Mixed pizza toppings with onion, capsicum and olives', 'KG', 11.00, 0.00, 2.20, 17.60, 130.00, 'ACTIVE', '2026-04-10 08:00:00.000', 'VENDOR_OPS', NULL),
(7176, 107, 'INV_V107_POTATO_WEDGES', 'Potato Wedges', 'Prepared potato wedges', 'KG', 11.00, 0.00, 2.20, 17.60, 95.00, 'ACTIVE', '2026-04-10 08:00:00.000', 'VENDOR_OPS', NULL),
(7177, 107, 'INV_V107_SANDWICH_FILLING', 'Sandwich Veg Filling', 'Prepared sandwich vegetable filling', 'KG', 8.80, 0.00, 1.65, 13.20, 95.00, 'ACTIVE', '2026-04-10 08:00:00.000', 'VENDOR_OPS', NULL),
(7178, 107, 'INV_V107_SCHEZWAN_SAUCE', 'Schezwan Sauce', 'Schezwan sauce for Chinese preparations', 'KG', 6.60, 0.00, 1.10, 11.00, 140.00, 'ACTIVE', '2026-04-10 08:00:00.000', 'VENDOR_OPS', NULL),
(7179, 107, 'INV_V107_SODA_BOTTLE', 'Soda Bottle', 'Soda bottle for fresh lime soda', 'BOTTLE', 66, 0, 13, 110, 18.00, 'ACTIVE', '2026-04-10 08:00:00.000', 'VENDOR_OPS', NULL),
(7180, 107, 'INV_V107_SOY_SAUCE', 'Soy Sauce', 'Soy sauce for Chinese cooking', 'LITER', 5.50, 0.00, 1.10, 8.80, 90.00, 'ACTIVE', '2026-04-10 08:00:00.000', 'VENDOR_OPS', NULL),
(7181, 107, 'INV_V107_SPRING_ROLL_SHEET', 'Spring Roll Sheet', 'Spring roll wrappers', 'PCS', 165, 0, 33, 264, 1.80, 'ACTIVE', '2026-04-10 08:00:00.000', 'VENDOR_OPS', NULL),
(7182, 107, 'INV_V107_SWEET_CORN', 'Sweet Corn', 'Sweet corn kernels for pizzas and sandwiches', 'KG', 8.80, 0.00, 1.65, 13.20, 95.00, 'ACTIVE', '2026-04-10 08:00:00.000', 'VENDOR_OPS', NULL),
(7183, 107, 'INV_V107_VEG_NUGGETS', 'Veg Nuggets', 'Prepared veg nuggets', 'PCS', 110, 0, 22, 176, 6.00, 'ACTIVE', '2026-04-10 08:00:00.000', 'VENDOR_OPS', NULL),
(7184, 107, 'INV_V107_VEG_PATTY', 'Veg Patty', 'Prepared veg patty for burgers', 'PCS', 50, 0, 11, 77, 18.00, 'ACTIVE', '2026-04-10 08:00:00.000', 'VENDOR_OPS', NULL),
(7185, 107, 'INV_V107_WRAP_SHEET', 'Wrap Sheet', 'Soft tortilla or wrap sheet', 'PCS', 66, 0, 13, 110, 8.00, 'ACTIVE', '2026-04-10 08:00:00.000', 'VENDOR_OPS', NULL),
(7186, 108, 'INV_V108_BASMATI_RICE', 'Basmati Rice', 'Premium rice for biryani, fried rice and combos', 'KG', 30.00, 0.00, 6.00, 50.00, 82.00, 'ACTIVE', '2026-04-10 08:00:00.000', 'VENDOR_OPS', NULL),
(7187, 108, 'INV_V108_BURGER_BUN', 'Burger Bun', 'Burger buns for burgers', 'PCS', 60, 0, 15, 100, 9.00, 'ACTIVE', '2026-04-10 08:00:00.000', 'VENDOR_OPS', NULL),
(7188, 108, 'INV_V108_CHEESE_SLICE', 'Cheese Slice', 'Processed cheese slice', 'PCS', 120, 0, 25, 200, 7.00, 'ACTIVE', '2026-04-10 08:00:00.000', 'VENDOR_OPS', NULL),
(7189, 108, 'INV_V108_CHICKEN', 'Chicken', 'Fresh chicken for curry, rice and rolls', 'KG', 18.00, 0.00, 4.00, 28.00, 260.00, 'ACTIVE', '2026-04-10 08:00:00.000', 'VENDOR_OPS', NULL),
(7190, 108, 'INV_V108_CHICKEN_PATTY', 'Chicken Patty', 'Prepared chicken patty for burgers', 'PCS', 35, 0, 8, 60, 32.00, 'ACTIVE', '2026-04-10 08:00:00.000', 'VENDOR_OPS', NULL),
(7191, 108, 'INV_V108_CHICKEN_TIKKA_TOPPING', 'Chicken Tikka Topping', 'Prepared chicken tikka pieces for pizzas', 'KG', 6.00, 0.00, 1.00, 10.00, 320.00, 'ACTIVE', '2026-04-10 08:00:00.000', 'VENDOR_OPS', NULL),
(7192, 108, 'INV_V108_EGG', 'Egg', 'Fresh eggs', 'PCS', 120, 0, 24, 200, 6.50, 'ACTIVE', '2026-04-10 08:00:00.000', 'VENDOR_OPS', NULL),
(7193, 108, 'INV_V108_FROZEN_FRIES', 'Frozen Fries', 'Frozen potato fries', 'KG', 15.00, 0.00, 3.00, 25.00, 110.00, 'ACTIVE', '2026-04-10 08:00:00.000', 'VENDOR_OPS', NULL),
(7194, 108, 'INV_V108_MANCHURIAN_BALLS', 'Veg Manchurian Balls', 'Prepared veg manchurian balls for gravy dishes', 'KG', 6.00, 0.00, 1.00, 10.00, 180.00, 'ACTIVE', '2026-04-10 08:00:00.000', 'VENDOR_OPS', NULL),
(7195, 108, 'INV_V108_MAYO', 'Mayonnaise', 'Mayonnaise for burgers and sandwiches', 'LITER', 6.00, 0.00, 1.00, 10.00, 140.00, 'ACTIVE', '2026-04-10 08:00:00.000', 'VENDOR_OPS', NULL),
(7196, 108, 'INV_V108_MIXED_VEG', 'Mixed Vegetables', 'Assorted vegetables for curries, rice and noodles', 'KG', 16.00, 0.00, 3.00, 24.00, 72.00, 'ACTIVE', '2026-04-10 08:00:00.000', 'VENDOR_OPS', NULL),
(7197, 108, 'INV_V108_MOZZARELLA', 'Mozzarella Cheese', 'Mozzarella cheese for pizzas and bakes', 'KG', 12.00, 0.00, 2.50, 20.00, 340.00, 'ACTIVE', '2026-04-10 08:00:00.000', 'VENDOR_OPS', NULL),
(7198, 108, 'INV_V108_NOODLES', 'Noodles', 'Noodles for Indo-Chinese dishes', 'KG', 12.00, 0.00, 2.00, 18.00, 95.00, 'ACTIVE', '2026-04-10 08:00:00.000', 'VENDOR_OPS', NULL),
(7199, 108, 'INV_V108_ONION_CAPSICUM_MIX', 'Onion Capsicum Mix', 'Prepared onion and capsicum mix for rolls and wraps', 'KG', 8.00, 0.00, 1.50, 12.00, 78.00, 'ACTIVE', '2026-04-10 08:00:00.000', 'VENDOR_OPS', NULL),
(7200, 108, 'INV_V108_PANEER', 'Paneer Cubes', 'Fresh paneer for curries, rolls, pizzas and rice dishes', 'KG', 12.00, 0.00, 2.50, 20.00, 260.00, 'ACTIVE', '2026-04-10 08:00:00.000', 'VENDOR_OPS', NULL),
(7201, 108, 'INV_V108_PANEER_TIKKA_TOPPING', 'Paneer Tikka Topping', 'Marinated paneer topping for pizzas', 'KG', 6.00, 0.00, 1.00, 10.00, 290.00, 'ACTIVE', '2026-04-10 08:00:00.000', 'VENDOR_OPS', NULL),
(7202, 108, 'INV_V108_PERI_PERI_SEASONING', 'Peri Peri Seasoning', 'Peri peri spice mix for fries and pizzas', 'KG', 3.00, 0.00, 0.50, 5.00, 260.00, 'ACTIVE', '2026-04-10 08:00:00.000', 'VENDOR_OPS', NULL),
(7203, 108, 'INV_V108_PIZZA_BASE', 'Pizza Base', 'Prepared pizza base', 'PCS', 80, 0, 20, 140, 18.00, 'ACTIVE', '2026-04-10 08:00:00.000', 'VENDOR_OPS', NULL),
(7204, 108, 'INV_V108_PIZZA_SAUCE', 'Pizza Sauce', 'Tomato pizza sauce', 'KG', 10.00, 0.00, 2.00, 16.00, 120.00, 'ACTIVE', '2026-04-10 08:00:00.000', 'VENDOR_OPS', NULL),
(7205, 108, 'INV_V108_PIZZA_VEG_TOPPING', 'Pizza Veg Topping Mix', 'Mixed pizza toppings with onion, capsicum and olives', 'KG', 10.00, 0.00, 2.00, 16.00, 130.00, 'ACTIVE', '2026-04-10 08:00:00.000', 'VENDOR_OPS', NULL),
(7206, 108, 'INV_V108_ROLL_PARATHA', 'Roll Paratha', 'Prepared paratha for kathi rolls', 'PCS', 80, 0, 16, 130, 10.00, 'ACTIVE', '2026-04-10 08:00:00.000', 'VENDOR_OPS', NULL),
(7207, 108, 'INV_V108_ROLL_SAUCE', 'Roll Sauce', 'House sauce for rolls and wraps', 'LITER', 5.00, 0.00, 1.00, 8.00, 135.00, 'ACTIVE', '2026-04-10 08:00:00.000', 'VENDOR_OPS', NULL),
(7208, 108, 'INV_V108_SCHEZWAN_SAUCE', 'Schezwan Sauce', 'Schezwan sauce for Chinese preparations', 'KG', 6.00, 0.00, 1.00, 10.00, 140.00, 'ACTIVE', '2026-04-10 08:00:00.000', 'VENDOR_OPS', NULL),
(7209, 108, 'INV_V108_SOY_SAUCE', 'Soy Sauce', 'Soy sauce for Chinese cooking', 'LITER', 5.00, 0.00, 1.00, 8.00, 90.00, 'ACTIVE', '2026-04-10 08:00:00.000', 'VENDOR_OPS', NULL),
(7210, 108, 'INV_V108_SWEET_CORN', 'Sweet Corn', 'Sweet corn kernels for pizzas and sandwiches', 'KG', 8.00, 0.00, 1.50, 12.00, 95.00, 'ACTIVE', '2026-04-10 08:00:00.000', 'VENDOR_OPS', NULL),
(7211, 108, 'INV_V108_VEG_PATTY', 'Veg Patty', 'Prepared veg patty for burgers', 'PCS', 45, 0, 10, 70, 18.00, 'ACTIVE', '2026-04-10 08:00:00.000', 'VENDOR_OPS', NULL),
(7212, 108, 'INV_V108_WRAP_SHEET', 'Wrap Sheet', 'Soft tortilla or wrap sheet', 'PCS', 60, 0, 12, 100, 8.00, 'ACTIVE', '2026-04-10 08:00:00.000', 'VENDOR_OPS', NULL),
(7213, 109, 'INV_V109_ALOO_TIKKI', 'Aloo Tikki', 'Prepared aloo tikki patty', 'PCS', 80, 0, 16, 130, 9.00, 'ACTIVE', '2026-04-10 08:00:00.000', 'VENDOR_OPS', NULL),
(7214, 109, 'INV_V109_BASMATI_RICE', 'Basmati Rice', 'Premium rice for biryani, fried rice and combos', 'KG', 30.00, 0.00, 6.00, 50.00, 82.00, 'ACTIVE', '2026-04-10 08:00:00.000', 'VENDOR_OPS', NULL),
(7215, 109, 'INV_V109_BREAD_LOAF', 'Bread Loaf', 'Sandwich bread loaf', 'PCS', 30, 0, 6, 50, 28.00, 'ACTIVE', '2026-04-10 08:00:00.000', 'VENDOR_OPS', NULL),
(7216, 109, 'INV_V109_BREAD_PAKORA', 'Bread Pakora', 'Prepared bread pakora piece', 'PCS', 60, 0, 12, 100, 12.00, 'ACTIVE', '2026-04-10 08:00:00.000', 'VENDOR_OPS', NULL),
(7217, 109, 'INV_V109_BURGER_BUN', 'Burger Bun', 'Burger buns for burgers', 'PCS', 60, 0, 15, 100, 9.00, 'ACTIVE', '2026-04-10 08:00:00.000', 'VENDOR_OPS', NULL),
(7218, 109, 'INV_V109_CAPSICUM', 'Capsicum', 'Fresh capsicum for Chinese dishes and toppings', 'KG', 8.00, 0.00, 1.50, 12.00, 70.00, 'ACTIVE', '2026-04-10 08:00:00.000', 'VENDOR_OPS', NULL),
(7219, 109, 'INV_V109_CHEESE_SLICE', 'Cheese Slice', 'Processed cheese slice', 'PCS', 120, 0, 25, 200, 7.00, 'ACTIVE', '2026-04-10 08:00:00.000', 'VENDOR_OPS', NULL),
(7220, 109, 'INV_V109_CURD', 'Curd', 'Fresh curd for rice, chaas, chaat and lassi', 'KG', 14.00, 0.00, 3.00, 24.00, 68.00, 'ACTIVE', '2026-04-10 08:00:00.000', 'VENDOR_OPS', NULL),
(7221, 109, 'INV_V109_DHOKLA', 'Dhokla', 'Prepared dhokla pieces', 'PCS', 80, 0, 16, 130, 7.00, 'ACTIVE', '2026-04-10 08:00:00.000', 'VENDOR_OPS', NULL),
(7222, 109, 'INV_V109_FROZEN_FRIES', 'Frozen Fries', 'Frozen potato fries', 'KG', 15.00, 0.00, 3.00, 25.00, 110.00, 'ACTIVE', '2026-04-10 08:00:00.000', 'VENDOR_OPS', NULL),
(7223, 109, 'INV_V109_GREEN_CHUTNEY', 'Green Chutney', 'Spicy green chutney', 'KG', 4.00, 0.00, 0.80, 6.00, 95.00, 'ACTIVE', '2026-04-10 08:00:00.000', 'VENDOR_OPS', NULL),
(7224, 109, 'INV_V109_GULAB_JAMUN', 'Gulab Jamun Piece', 'Prepared gulab jamun piece', 'PCS', 80, 0, 20, 140, 9.00, 'ACTIVE', '2026-04-10 08:00:00.000', 'VENDOR_OPS', NULL),
(7225, 109, 'INV_V109_JALEBI', 'Jalebi', 'Fresh jalebi stock', 'KG', 6.00, 0.00, 1.00, 10.00, 160.00, 'ACTIVE', '2026-04-10 08:00:00.000', 'VENDOR_OPS', NULL),
(7226, 109, 'INV_V109_KACHORI', 'Kachori', 'Prepared kachori piece', 'PCS', 100, 0, 20, 160, 9.00, 'ACTIVE', '2026-04-10 08:00:00.000', 'VENDOR_OPS', NULL),
(7227, 109, 'INV_V109_KAJU_KATLI', 'Kaju Katli Piece', 'Prepared kaju katli piece', 'PCS', 60, 0, 15, 100, 18.00, 'ACTIVE', '2026-04-10 08:00:00.000', 'VENDOR_OPS', NULL),
(7228, 109, 'INV_V109_MANCHURIAN_BALLS', 'Veg Manchurian Balls', 'Prepared veg manchurian balls for gravy dishes', 'KG', 6.00, 0.00, 1.00, 10.00, 180.00, 'ACTIVE', '2026-04-10 08:00:00.000', 'VENDOR_OPS', NULL),
(7229, 109, 'INV_V109_MILK_CAKE', 'Milk Cake Piece', 'Prepared milk cake piece', 'PCS', 50, 0, 12, 80, 14.00, 'ACTIVE', '2026-04-10 08:00:00.000', 'VENDOR_OPS', NULL),
(7230, 109, 'INV_V109_MIXED_VEG', 'Mixed Vegetables', 'Assorted vegetables for curries, rice and noodles', 'KG', 16.00, 0.00, 3.00, 24.00, 72.00, 'ACTIVE', '2026-04-10 08:00:00.000', 'VENDOR_OPS', NULL),
(7231, 109, 'INV_V109_NOODLES', 'Noodles', 'Noodles for Indo-Chinese dishes', 'KG', 12.00, 0.00, 2.00, 18.00, 95.00, 'ACTIVE', '2026-04-10 08:00:00.000', 'VENDOR_OPS', NULL),
(7232, 109, 'INV_V109_PANEER', 'Paneer Cubes', 'Fresh paneer for curries, rolls, pizzas and rice dishes', 'KG', 12.00, 0.00, 2.50, 20.00, 260.00, 'ACTIVE', '2026-04-10 08:00:00.000', 'VENDOR_OPS', NULL),
(7233, 109, 'INV_V109_PAPDI_PIECES', 'Papdi Pieces', 'Papdi pieces for chaat', 'PCS', 250, 0, 50, 400, 1.00, 'ACTIVE', '2026-04-10 08:00:00.000', 'VENDOR_OPS', NULL),
(7234, 109, 'INV_V109_PERI_PERI_SEASONING', 'Peri Peri Seasoning', 'Peri peri spice mix for fries and pizzas', 'KG', 3.00, 0.00, 0.50, 5.00, 260.00, 'ACTIVE', '2026-04-10 08:00:00.000', 'VENDOR_OPS', NULL),
(7235, 109, 'INV_V109_POHA_RAW', 'Poha Raw', 'Flattened rice for poha', 'KG', 10.00, 0.00, 2.00, 16.00, 62.00, 'ACTIVE', '2026-04-10 08:00:00.000', 'VENDOR_OPS', NULL),
(7236, 109, 'INV_V109_PURI_SHELL', 'Puri Shell', 'Puri shell for dahi puri and sev puri', 'PCS', 300, 0, 60, 500, 0.80, 'ACTIVE', '2026-04-10 08:00:00.000', 'VENDOR_OPS', NULL),
(7237, 109, 'INV_V109_RASGULLA', 'Rasgulla Piece', 'Prepared rasgulla piece', 'PCS', 50, 0, 12, 80, 12.00, 'ACTIVE', '2026-04-10 08:00:00.000', 'VENDOR_OPS', NULL),
(7238, 109, 'INV_V109_RASMALAI', 'Rasmalai Piece', 'Prepared rasmalai piece', 'PCS', 40, 0, 10, 70, 18.00, 'ACTIVE', '2026-04-10 08:00:00.000', 'VENDOR_OPS', NULL),
(7239, 109, 'INV_V109_SABUDANA', 'Sabudana', 'Sabudana for khichdi', 'KG', 8.00, 0.00, 1.50, 12.00, 78.00, 'ACTIVE', '2026-04-10 08:00:00.000', 'VENDOR_OPS', NULL),
(7240, 109, 'INV_V109_SAMOSA', 'Samosa', 'Prepared samosa piece', 'PCS', 120, 0, 24, 200, 10.00, 'ACTIVE', '2026-04-10 08:00:00.000', 'VENDOR_OPS', NULL),
(7241, 109, 'INV_V109_SANDWICH_FILLING', 'Sandwich Veg Filling', 'Prepared sandwich vegetable filling', 'KG', 8.00, 0.00, 1.50, 12.00, 95.00, 'ACTIVE', '2026-04-10 08:00:00.000', 'VENDOR_OPS', NULL),
(7242, 109, 'INV_V109_SCHEZWAN_SAUCE', 'Schezwan Sauce', 'Schezwan sauce for Chinese preparations', 'KG', 6.00, 0.00, 1.00, 10.00, 140.00, 'ACTIVE', '2026-04-10 08:00:00.000', 'VENDOR_OPS', NULL),
(7243, 109, 'INV_V109_SEV', 'Sev', 'Sev topping for chaat', 'KG', 4.00, 0.00, 0.80, 6.00, 140.00, 'ACTIVE', '2026-04-10 08:00:00.000', 'VENDOR_OPS', NULL),
(7244, 109, 'INV_V109_SOY_SAUCE', 'Soy Sauce', 'Soy sauce for Chinese cooking', 'LITER', 5.00, 0.00, 1.00, 8.00, 90.00, 'ACTIVE', '2026-04-10 08:00:00.000', 'VENDOR_OPS', NULL),
(7245, 109, 'INV_V109_TAMARIND_CHUTNEY', 'Tamarind Chutney', 'Sweet tamarind chutney', 'KG', 5.00, 0.00, 1.00, 8.00, 120.00, 'ACTIVE', '2026-04-10 08:00:00.000', 'VENDOR_OPS', NULL),
(7246, 109, 'INV_V109_VEG_PATTY', 'Veg Patty', 'Prepared veg patty for burgers', 'PCS', 45, 0, 10, 70, 18.00, 'ACTIVE', '2026-04-10 08:00:00.000', 'VENDOR_OPS', NULL),
(7247, 110, 'INV_V110_BLACK_CURRANT_ICE_CREAM', 'Black Currant Ice Cream', 'Black currant ice cream stock', 'KG', 6.30, 0.00, 1.08, 9.00, 220.00, 'ACTIVE', '2026-04-10 08:00:00.000', 'VENDOR_OPS', NULL),
(7248, 110, 'INV_V110_BUTTER', 'Butter', 'Butter for toast and Maggi', 'KG', 4.50, 0.00, 0.90, 7.20, 420.00, 'ACTIVE', '2026-04-10 08:00:00.000', 'VENDOR_OPS', NULL),
(7249, 110, 'INV_V110_BUTTERSCOTCH_ICE_CREAM', 'Butterscotch Ice Cream', 'Butterscotch ice cream stock', 'KG', 7.20, 0.00, 1.35, 10.80, 210.00, 'ACTIVE', '2026-04-10 08:00:00.000', 'VENDOR_OPS', NULL),
(7250, 110, 'INV_V110_CHEESE_SLICE', 'Cheese Slice', 'Processed cheese slice', 'PCS', 108, 0, 22, 180, 7.00, 'ACTIVE', '2026-04-10 08:00:00.000', 'VENDOR_OPS', NULL),
(7251, 110, 'INV_V110_CHOCOLATE_ICE_CREAM', 'Chocolate Ice Cream', 'Chocolate ice cream stock', 'KG', 9.00, 0.00, 1.80, 14.40, 210.00, 'ACTIVE', '2026-04-10 08:00:00.000', 'VENDOR_OPS', NULL),
(7252, 110, 'INV_V110_CHOCOLATE_SYRUP', 'Chocolate Syrup', 'Chocolate syrup for desserts and shakes', 'KG', 5.40, 0.00, 0.90, 9.00, 180.00, 'ACTIVE', '2026-04-10 08:00:00.000', 'VENDOR_OPS', NULL),
(7253, 110, 'INV_V110_CHOCO_WAFER_BAR', 'Chocolate Wafer Bar', 'Chocolate wafer bar for shakes', 'PCS', 36, 0, 7, 63, 12.00, 'ACTIVE', '2026-04-10 08:00:00.000', 'VENDOR_OPS', NULL),
(7254, 110, 'INV_V110_COFFEE_PREMIX', 'Coffee Premix', 'Coffee premix for coffee beverages', 'KG', 3.60, 0.00, 0.72, 5.60, 320.00, 'ACTIVE', '2026-04-10 08:00:00.000', 'VENDOR_OPS', NULL),
(7255, 110, 'INV_V110_COOKIE_CRUMBS', 'Chocolate Cookie Crumbs', 'Cookie crumbs for thick shakes', 'KG', 3.60, 0.00, 0.72, 5.60, 210.00, 'ACTIVE', '2026-04-10 08:00:00.000', 'VENDOR_OPS', NULL),
(7256, 110, 'INV_V110_LEMON', 'Lemon', 'Fresh lemon for beverages and iced tea', 'KG', 7.20, 0.00, 1.35, 10.80, 75.00, 'ACTIVE', '2026-04-10 08:00:00.000', 'VENDOR_OPS', NULL),
(7257, 110, 'INV_V110_MAGGI_MASALA', 'Maggi Masala Mix', 'Seasoning mix for Maggi', 'KG', 2.70, 0.00, 0.45, 4.70, 240.00, 'ACTIVE', '2026-04-10 08:00:00.000', 'VENDOR_OPS', NULL),
(7258, 110, 'INV_V110_MAGGI_NOODLES_PACK', 'Maggi Noodles Pack', 'Instant noodles pack', 'PACK', 72, 0, 14, 117, 14.00, 'ACTIVE', '2026-04-10 08:00:00.000', 'VENDOR_OPS', NULL),
(7259, 110, 'INV_V110_MANGO_PULP', 'Mango Pulp', 'Mango pulp for milkshakes', 'KG', 4.50, 0.00, 0.90, 7.20, 150.00, 'ACTIVE', '2026-04-10 08:00:00.000', 'VENDOR_OPS', NULL),
(7260, 110, 'INV_V110_MILK', 'Milk', 'Fresh milk for beverages and shakes', 'LITER', 21.60, 0.00, 4.50, 32.40, 58.00, 'ACTIVE', '2026-04-10 08:00:00.000', 'VENDOR_OPS', NULL),
(7261, 110, 'INV_V110_MINERAL_WATER_BOTTLE', 'Mineral Water Bottle', 'Packaged drinking water bottle', 'BOTTLE', 108, 0, 22, 180, 9.00, 'ACTIVE', '2026-04-10 08:00:00.000', 'VENDOR_OPS', NULL),
(7262, 110, 'INV_V110_MINT', 'Mint Leaves', 'Fresh mint for coolers and chutneys', 'KG', 2.25, 0.00, 0.45, 4.25, 90.00, 'ACTIVE', '2026-04-10 08:00:00.000', 'VENDOR_OPS', NULL),
(7263, 110, 'INV_V110_MIXED_VEG', 'Mixed Vegetables', 'Assorted vegetables for curries, rice and noodles', 'KG', 14.40, 0.00, 2.70, 21.60, 72.00, 'ACTIVE', '2026-04-10 08:00:00.000', 'VENDOR_OPS', NULL),
(7264, 110, 'INV_V110_PANEER', 'Paneer Cubes', 'Fresh paneer for curries, rolls, pizzas and rice dishes', 'KG', 10.80, 0.00, 2.25, 18.00, 260.00, 'ACTIVE', '2026-04-10 08:00:00.000', 'VENDOR_OPS', NULL),
(7265, 110, 'INV_V110_SODA_BOTTLE', 'Soda Bottle', 'Soda bottle for fresh lime soda', 'BOTTLE', 54, 0, 11, 90, 18.00, 'ACTIVE', '2026-04-10 08:00:00.000', 'VENDOR_OPS', NULL),
(7266, 110, 'INV_V110_STRAWBERRY_ICE_CREAM', 'Strawberry Ice Cream', 'Strawberry ice cream stock', 'KG', 7.20, 0.00, 1.35, 10.80, 205.00, 'ACTIVE', '2026-04-10 08:00:00.000', 'VENDOR_OPS', NULL),
(7267, 110, 'INV_V110_VANILLA_ICE_CREAM', 'Vanilla Ice Cream', 'Vanilla ice cream stock', 'KG', 9.00, 0.00, 1.80, 14.40, 190.00, 'ACTIVE', '2026-04-10 08:00:00.000', 'VENDOR_OPS', NULL),
(7268, 111, 'INV_V111_BREAD_LOAF', 'Bread Loaf', 'Sandwich bread loaf', 'PCS', 22, 0, 4, 38, 28.00, 'ACTIVE', '2026-04-10 08:00:00.000', 'VENDOR_OPS', NULL),
(7269, 111, 'INV_V111_BUN_MASKA_UNIT', 'Maska Bun Unit', 'Prepared bun for bun maska', 'PCS', 26, 0, 6, 45, 14.00, 'ACTIVE', '2026-04-10 08:00:00.000', 'VENDOR_OPS', NULL),
(7270, 111, 'INV_V111_CHEESE_SLICE', 'Cheese Slice', 'Processed cheese slice', 'PCS', 90, 0, 19, 150, 7.00, 'ACTIVE', '2026-04-10 08:00:00.000', 'VENDOR_OPS', NULL),
(7271, 111, 'INV_V111_COFFEE_PREMIX', 'Coffee Premix', 'Coffee premix for coffee beverages', 'KG', 3.00, 0.00, 0.60, 5.00, 320.00, 'ACTIVE', '2026-04-10 08:00:00.000', 'VENDOR_OPS', NULL),
(7272, 111, 'INV_V111_COOKIES_PACK', 'Cookies Pack', 'Packed cookies', 'PCS', 38, 0, 8, 60, 18.00, 'ACTIVE', '2026-04-10 08:00:00.000', 'VENDOR_OPS', NULL),
(7273, 111, 'INV_V111_ELAICHI', 'Cardamom', 'Cardamom for tea flavouring', 'KG', 0.60, 0.00, 0.075, 2.60, 1600.00, 'ACTIVE', '2026-04-10 08:00:00.000', 'VENDOR_OPS', NULL),
(7274, 111, 'INV_V111_GINGER', 'Ginger', 'Fresh ginger for tea', 'KG', 2.25, 0.00, 0.375, 4.25, 95.00, 'ACTIVE', '2026-04-10 08:00:00.000', 'VENDOR_OPS', NULL),
(7275, 111, 'INV_V111_GREEN_TEA_BAG', 'Green Tea Bag', 'Green tea bag', 'PCS', 75, 0, 15, 120, 4.00, 'ACTIVE', '2026-04-10 08:00:00.000', 'VENDOR_OPS', NULL),
(7276, 111, 'INV_V111_LEMON', 'Lemon', 'Fresh lemon for beverages and iced tea', 'KG', 6.00, 0.00, 1.125, 9.00, 75.00, 'ACTIVE', '2026-04-10 08:00:00.000', 'VENDOR_OPS', NULL),
(7277, 111, 'INV_V111_LEMON_ICE_TEA_PREMIX', 'Lemon Iced Tea Premix', 'Premix for lemon iced tea', 'KG', 2.25, 0.00, 0.375, 4.25, 240.00, 'ACTIVE', '2026-04-10 08:00:00.000', 'VENDOR_OPS', NULL),
(7278, 111, 'INV_V111_MILK', 'Milk', 'Fresh milk for beverages and shakes', 'LITER', 18.00, 0.00, 3.75, 27.00, 58.00, 'ACTIVE', '2026-04-10 08:00:00.000', 'VENDOR_OPS', NULL),
(7279, 111, 'INV_V111_MINERAL_WATER_BOTTLE', 'Mineral Water Bottle', 'Packaged drinking water bottle', 'BOTTLE', 90, 0, 18, 150, 9.00, 'ACTIVE', '2026-04-10 08:00:00.000', 'VENDOR_OPS', NULL),
(7280, 111, 'INV_V111_PEACH_ICE_TEA_PREMIX', 'Peach Iced Tea Premix', 'Premix for peach iced tea', 'KG', 2.25, 0.00, 0.375, 4.25, 250.00, 'ACTIVE', '2026-04-10 08:00:00.000', 'VENDOR_OPS', NULL),
(7281, 111, 'INV_V111_SANDWICH_FILLING', 'Sandwich Veg Filling', 'Prepared sandwich vegetable filling', 'KG', 6.00, 0.00, 1.125, 9.00, 95.00, 'ACTIVE', '2026-04-10 08:00:00.000', 'VENDOR_OPS', NULL),
(7282, 111, 'INV_V111_SODA_BOTTLE', 'Soda Bottle', 'Soda bottle for fresh lime soda', 'BOTTLE', 45, 0, 9, 75, 18.00, 'ACTIVE', '2026-04-10 08:00:00.000', 'VENDOR_OPS', NULL),
(7283, 111, 'INV_V111_TEA_LEAVES', 'Tea Leaves', 'Tea leaves for tea preparations', 'KG', 2.25, 0.00, 0.375, 4.25, 420.00, 'ACTIVE', '2026-04-10 08:00:00.000', 'VENDOR_OPS', NULL),
(7284, 111, 'INV_V111_VEG_PUFF', 'Veg Puff', 'Prepared veg puff', 'PCS', 26, 0, 6, 45, 16.00, 'ACTIVE', '2026-04-10 08:00:00.000', 'VENDOR_OPS', NULL);

INSERT INTO inventory_policies
(id, inventory_item_id, lead_time_days, review_period_days, service_level_pct, safety_stock_qty, reorder_point_qty, min_reorder_qty, max_reorder_qty, preferred_model, auto_recommend_enabled)
VALUES
(9001, 7001, 2, 1, 97.00, 4.14, 6.90, 8.28, 28.75, 'XGBOOST', TRUE),
(9002, 7002, 2, 1, 95.00, 1.035, 1.725, 2.07, 6.90, 'XGBOOST', TRUE),
(9003, 7003, 2, 1, 95.00, 1.38, 2.30, 2.76, 9.20, 'XGBOOST', TRUE),
(9004, 7004, 2, 1, 95.00, 2.76, 4.60, 5.52, 17.25, 'XGBOOST', TRUE),
(9005, 7005, 2, 1, 97.00, 2.07, 3.45, 4.14, 13.80, 'XGBOOST', TRUE),
(9006, 7006, 2, 1, 95.00, 0.69, 1.15, 1.38, 5.75, 'XGBOOST', TRUE),
(9007, 7007, 2, 1, 95.00, 2.07, 3.45, 4.14, 13.80, 'XGBOOST', TRUE),
(9008, 7008, 2, 1, 97.00, 1.38, 2.30, 2.76, 10.35, 'XGBOOST', TRUE),
(9009, 7009, 2, 1, 95.00, 2.76, 4.60, 5.52, 17.25, 'XGBOOST', TRUE),
(9010, 7010, 2, 1, 97.00, 1.725, 2.875, 3.45, 11.50, 'XGBOOST', TRUE),
(9011, 7011, 2, 1, 95.00, 4.14, 6.90, 8.28, 28.75, 'XGBOOST', TRUE),
(9012, 7012, 2, 1, 95.00, 1.035, 1.725, 2.07, 6.90, 'XGBOOST', TRUE),
(9013, 7013, 2, 1, 95.00, 0.69, 1.15, 1.38, 5.75, 'XGBOOST', TRUE),
(9014, 7014, 2, 1, 95.00, 0.69, 1.15, 1.38, 4.60, 'XGBOOST', TRUE),
(9015, 7015, 2, 1, 95.00, 2.76, 4.60, 5.52, 18.40, 'XGBOOST', TRUE),
(9016, 7016, 2, 1, 95.00, 1.38, 2.30, 2.76, 9.20, 'XGBOOST', TRUE),
(9017, 7017, 2, 1, 95.00, 3.45, 5.75, 6.90, 23.00, 'XGBOOST', TRUE),
(9018, 7018, 1, 1, 95.00, 4.50, 9, 9, 38.50, 'PROPHET', TRUE),
(9019, 7019, 1, 1, 96.00, 8.00, 16, 16, 55.00, 'PROPHET', TRUE),
(9020, 7020, 1, 1, 95.00, 3.50, 7, 7, 22.00, 'PROPHET', TRUE),
(9021, 7021, 1, 1, 95.00, 4.50, 9, 9, 33.00, 'PROPHET', TRUE),
(9022, 7022, 2, 1, 95.00, 0.66, 1.10, 1.32, 5.50, 'XGBOOST', TRUE),
(9023, 7023, 2, 1, 95.00, 0.792, 1.32, 1.584, 6.60, 'XGBOOST', TRUE),
(9024, 7024, 2, 1, 95.00, 0.66, 1.10, 1.32, 5.50, 'XGBOOST', TRUE),
(9025, 7025, 2, 1, 95.00, 0.99, 1.65, 1.98, 6.60, 'XGBOOST', TRUE),
(9026, 7026, 2, 1, 95.00, 1.32, 2.20, 2.64, 8.80, 'XGBOOST', TRUE),
(9027, 7027, 2, 1, 95.00, 0.66, 1.10, 1.32, 5.50, 'XGBOOST', TRUE),
(9028, 7028, 1, 1, 95.00, 4.50, 9, 9, 38.50, 'PROPHET', TRUE),
(9029, 7029, 2, 1, 95.00, 0.528, 0.88, 1.056, 3.30, 'XGBOOST', TRUE),
(9030, 7030, 1, 1, 95.00, 4.50, 9, 9, 27.50, 'PROPHET', TRUE),
(9031, 7031, 2, 1, 95.00, 0.66, 1.10, 1.32, 5.50, 'XGBOOST', TRUE),
(9032, 7032, 2, 1, 95.00, 1.65, 2.75, 3.30, 11.00, 'XGBOOST', TRUE),
(9033, 7033, 2, 1, 95.00, 0.66, 1.10, 1.32, 5.50, 'XGBOOST', TRUE),
(9034, 7034, 2, 1, 95.00, 1.32, 2.20, 2.64, 8.80, 'XGBOOST', TRUE),
(9035, 7035, 2, 1, 95.00, 0.33, 0.55, 1, 2.75, 'XGBOOST', TRUE),
(9036, 7036, 1, 1, 96.00, 11.00, 22, 22, 77.00, 'PROPHET', TRUE),
(9037, 7037, 2, 1, 95.00, 1.32, 2.20, 2.64, 8.80, 'XGBOOST', TRUE),
(9038, 7038, 2, 1, 95.00, 1.32, 2.20, 2.64, 8.80, 'XGBOOST', TRUE),
(9039, 7039, 2, 1, 95.00, 0.99, 1.65, 1.98, 6.60, 'XGBOOST', TRUE),
(9040, 7040, 2, 1, 95.00, 0.99, 1.65, 1.98, 6.60, 'XGBOOST', TRUE),
(9041, 7041, 2, 1, 95.00, 1.32, 2.20, 2.64, 8.80, 'XGBOOST', TRUE),
(9042, 7042, 2, 1, 95.00, 0.99, 1.65, 1.98, 6.60, 'XGBOOST', TRUE),
(9043, 7043, 2, 1, 97.00, 3.78, 6.30, 7.56, 26.25, 'XGBOOST', TRUE),
(9044, 7044, 1, 1, 96.00, 3.00, 6, 6, 26.00, 'PROPHET', TRUE),
(9045, 7045, 2, 1, 95.00, 0.945, 1.575, 1.89, 6.30, 'XGBOOST', TRUE),
(9046, 7046, 2, 1, 95.00, 0.945, 1.575, 1.89, 6.30, 'XGBOOST', TRUE),
(9047, 7047, 2, 1, 97.00, 2.52, 4.20, 5.04, 14.70, 'XGBOOST', TRUE),
(9048, 7048, 2, 1, 95.00, 0.504, 0.84, 1.008, 3.15, 'XGBOOST', TRUE),
(9049, 7049, 2, 1, 97.00, 1.89, 3.15, 3.78, 12.60, 'XGBOOST', TRUE),
(9050, 7050, 1, 1, 95.00, 12.50, 25, 25, 105.00, 'PROPHET', TRUE),
(9051, 7051, 2, 1, 95.00, 0.945, 1.575, 1.89, 6.30, 'XGBOOST', TRUE),
(9052, 7052, 2, 1, 95.00, 0.63, 1.05, 1.26, 5.25, 'XGBOOST', TRUE),
(9053, 7053, 2, 1, 97.00, 3.15, 5.25, 6.30, 18.90, 'XGBOOST', TRUE),
(9054, 7054, 1, 1, 95.00, 12.50, 25, 25, 105.00, 'PROPHET', TRUE),
(9055, 7055, 2, 1, 95.00, 1.89, 3.15, 3.78, 12.60, 'XGBOOST', TRUE),
(9056, 7056, 2, 1, 97.00, 1.26, 2.10, 2.52, 9.45, 'XGBOOST', TRUE),
(9057, 7057, 2, 1, 95.00, 2.52, 4.20, 5.04, 15.75, 'XGBOOST', TRUE),
(9058, 7058, 2, 1, 97.00, 1.575, 2.625, 3.15, 10.50, 'XGBOOST', TRUE),
(9059, 7059, 2, 1, 95.00, 3.78, 6.30, 7.56, 26.25, 'XGBOOST', TRUE),
(9060, 7060, 2, 1, 95.00, 0.63, 1.05, 1.26, 5.25, 'XGBOOST', TRUE),
(9061, 7061, 2, 1, 95.00, 0.945, 1.575, 1.89, 6.30, 'XGBOOST', TRUE),
(9062, 7062, 2, 1, 95.00, 0.63, 1.05, 1.26, 5.25, 'XGBOOST', TRUE),
(9063, 7063, 1, 1, 95.00, 1.26, 2.10, 2.52, 8.40, 'XGBOOST', TRUE),
(9064, 7064, 2, 1, 95.00, 0.63, 1.05, 1.26, 4.20, 'XGBOOST', TRUE),
(9065, 7065, 2, 1, 95.00, 0.63, 1.05, 1.26, 5.25, 'XGBOOST', TRUE),
(9066, 7066, 2, 1, 95.00, 2.52, 4.20, 5.04, 16.80, 'XGBOOST', TRUE),
(9067, 7067, 2, 1, 95.00, 1.26, 2.10, 2.52, 8.40, 'XGBOOST', TRUE),
(9068, 7068, 2, 1, 97.00, 3.42, 5.70, 6.84, 23.75, 'XGBOOST', TRUE),
(9069, 7069, 1, 1, 96.00, 3.00, 6, 6, 24.00, 'PROPHET', TRUE),
(9070, 7070, 1, 1, 96.00, 7.00, 14, 14, 47.50, 'PROPHET', TRUE),
(9071, 7071, 2, 1, 95.00, 0.456, 0.76, 1, 2.90, 'XGBOOST', TRUE),
(9072, 7072, 2, 1, 97.00, 1.71, 2.85, 3.42, 11.40, 'XGBOOST', TRUE),
(9073, 7073, 2, 1, 95.00, 1.71, 2.85, 3.42, 11.875, 'XGBOOST', TRUE),
(9074, 7074, 1, 1, 95.00, 4.00, 8, 8, 33.00, 'PROPHET', TRUE),
(9075, 7075, 2, 1, 95.00, 0.855, 1.425, 1.71, 5.70, 'XGBOOST', TRUE),
(9076, 7076, 2, 1, 97.00, 2.85, 4.75, 5.70, 17.10, 'XGBOOST', TRUE),
(9077, 7077, 1, 1, 95.00, 11.50, 23, 23, 95.00, 'PROPHET', TRUE),
(9078, 7078, 2, 1, 95.00, 1.71, 2.85, 3.42, 11.40, 'XGBOOST', TRUE),
(9079, 7079, 2, 1, 95.00, 2.28, 3.80, 4.56, 14.25, 'XGBOOST', TRUE),
(9080, 7080, 2, 1, 97.00, 1.425, 2.375, 2.85, 9.50, 'XGBOOST', TRUE),
(9081, 7081, 2, 1, 95.00, 1.14, 1.90, 2.28, 7.60, 'XGBOOST', TRUE),
(9082, 7082, 2, 1, 95.00, 3.42, 5.70, 6.84, 23.75, 'XGBOOST', TRUE),
(9083, 7083, 2, 1, 95.00, 0.855, 1.425, 1.71, 5.70, 'XGBOOST', TRUE),
(9084, 7084, 2, 1, 95.00, 0.855, 1.425, 1.71, 5.70, 'XGBOOST', TRUE),
(9085, 7085, 1, 1, 95.00, 5.50, 11, 11, 47.50, 'PROPHET', TRUE),
(9086, 7086, 2, 1, 97.00, 0.285, 0.475, 1, 2.425, 'XGBOOST', TRUE),
(9087, 7087, 2, 1, 95.00, 2.28, 3.80, 4.56, 15.20, 'XGBOOST', TRUE),
(9088, 7088, 2, 1, 95.00, 1.14, 1.90, 2.28, 7.60, 'XGBOOST', TRUE),
(9089, 7089, 1, 1, 95.00, 5.00, 10, 10, 33.00, 'PROPHET', TRUE),
(9090, 7090, 2, 1, 95.00, 0.855, 1.425, 1.71, 5.70, 'XGBOOST', TRUE),
(9091, 7091, 1, 1, 95.00, 8.00, 16, 16, 65.00, 'PROPHET', TRUE),
(9092, 7092, 1, 1, 95.00, 2.50, 5, 6, 18.00, 'PROPHET', TRUE),
(9093, 7093, 1, 1, 96.00, 3.00, 6, 6, 25.00, 'PROPHET', TRUE),
(9094, 7094, 1, 1, 95.00, 4.00, 8, 8, 35.00, 'PROPHET', TRUE),
(9095, 7095, 1, 1, 95.00, 12.50, 25, 25, 100.00, 'PROPHET', TRUE),
(9096, 7096, 1, 1, 95.00, 2.50, 5, 6, 18.00, 'PROPHET', TRUE),
(9097, 7097, 2, 1, 95.00, 0.48, 0.80, 1, 3.00, 'XGBOOST', TRUE),
(9098, 7098, 1, 1, 95.00, 5.00, 10, 10, 40.00, 'PROPHET', TRUE),
(9099, 7099, 1, 1, 95.00, 3.00, 6, 6, 20.00, 'PROPHET', TRUE),
(9100, 7100, 1, 1, 95.00, 3.00, 6, 6, 20.00, 'PROPHET', TRUE),
(9101, 7101, 2, 1, 97.00, 1.80, 3.00, 3.60, 12.00, 'XGBOOST', TRUE),
(9102, 7102, 2, 1, 95.00, 0.60, 1.00, 1.20, 4.00, 'XGBOOST', TRUE),
(9103, 7103, 1, 1, 95.00, 0.90, 1.50, 1.80, 6.00, 'XGBOOST', TRUE),
(9104, 7104, 2, 1, 95.00, 0.06, 0.10, 1, 1.40, 'XGBOOST', TRUE),
(9105, 7105, 2, 1, 95.00, 0.30, 0.50, 1, 2.50, 'XGBOOST', TRUE),
(9106, 7106, 2, 1, 95.00, 0.48, 0.80, 1, 3.00, 'XGBOOST', TRUE),
(9107, 7107, 1, 1, 95.00, 10.00, 20, 20, 70.00, 'PROPHET', TRUE),
(9108, 7108, 1, 1, 95.00, 4.00, 8, 8, 35.00, 'PROPHET', TRUE),
(9109, 7109, 2, 1, 95.00, 0.90, 1.50, 1.80, 6.00, 'XGBOOST', TRUE),
(9110, 7110, 2, 1, 95.00, 0.30, 0.50, 1, 2.50, 'XGBOOST', TRUE),
(9111, 7111, 1, 1, 96.00, 7.50, 15, 15, 65.00, 'PROPHET', TRUE),
(9112, 7112, 2, 1, 97.00, 3.00, 5.00, 6.00, 18.00, 'XGBOOST', TRUE),
(9113, 7113, 1, 1, 95.00, 12.00, 24, 24, 100.00, 'PROPHET', TRUE),
(9114, 7114, 1, 1, 95.00, 4.00, 8, 8, 25.00, 'PROPHET', TRUE),
(9115, 7115, 1, 1, 95.00, 3.00, 6, 6, 25.00, 'PROPHET', TRUE),
(9116, 7116, 1, 1, 95.00, 25.00, 50, 50, 200.00, 'PROPHET', TRUE),
(9117, 7117, 1, 1, 95.00, 30.00, 60, 60, 250.00, 'PROPHET', TRUE),
(9118, 7118, 1, 1, 95.00, 5.00, 10, 10, 35.00, 'PROPHET', TRUE),
(9119, 7119, 1, 1, 95.00, 12.00, 24, 24, 100.00, 'PROPHET', TRUE),
(9120, 7120, 2, 1, 95.00, 0.90, 1.50, 1.80, 6.00, 'XGBOOST', TRUE),
(9121, 7121, 2, 1, 95.00, 0.48, 0.80, 1, 3.00, 'XGBOOST', TRUE),
(9122, 7122, 1, 1, 95.00, 6.00, 12, 12, 50.00, 'PROPHET', TRUE),
(9123, 7123, 2, 1, 95.00, 0.60, 1.00, 1.20, 4.00, 'XGBOOST', TRUE),
(9124, 7124, 1, 1, 95.00, 3.00, 6, 6, 22.50, 'PROPHET', TRUE),
(9125, 7125, 2, 1, 97.00, 0.30, 0.50, 1, 2.50, 'XGBOOST', TRUE),
(9126, 7126, 1, 1, 95.00, 4.00, 8, 8, 30.00, 'PROPHET', TRUE),
(9127, 7127, 1, 1, 96.00, 3.00, 6, 6, 24.00, 'PROPHET', TRUE),
(9128, 7128, 2, 1, 95.00, 0.57, 0.95, 1.14, 3.80, 'XGBOOST', TRUE),
(9129, 7129, 1, 1, 96.00, 7.00, 14, 14, 47.50, 'PROPHET', TRUE),
(9130, 7130, 1, 1, 95.00, 12.00, 24, 24, 95.00, 'PROPHET', TRUE),
(9131, 7131, 2, 1, 95.00, 1.71, 2.85, 3.42, 11.875, 'XGBOOST', TRUE),
(9132, 7132, 1, 1, 95.00, 4.00, 8, 8, 33.00, 'PROPHET', TRUE),
(9133, 7133, 2, 1, 95.00, 0.456, 0.76, 1, 2.90, 'XGBOOST', TRUE),
(9134, 7134, 2, 1, 95.00, 0.57, 0.95, 1.14, 4.75, 'XGBOOST', TRUE),
(9135, 7135, 2, 1, 95.00, 1.425, 2.375, 2.85, 9.50, 'XGBOOST', TRUE),
(9136, 7136, 1, 1, 95.00, 0.57, 0.95, 1.14, 4.75, 'XGBOOST', TRUE),
(9137, 7137, 2, 1, 95.00, 0.855, 1.425, 1.71, 5.70, 'XGBOOST', TRUE),
(9138, 7138, 2, 1, 97.00, 1.425, 2.375, 2.85, 9.50, 'XGBOOST', TRUE),
(9139, 7139, 2, 1, 95.00, 1.14, 1.90, 2.28, 7.60, 'XGBOOST', TRUE),
(9140, 7140, 2, 1, 95.00, 0.285, 0.475, 1, 2.425, 'XGBOOST', TRUE),
(9141, 7141, 1, 1, 96.00, 9.50, 19, 19, 66.50, 'PROPHET', TRUE),
(9142, 7142, 2, 1, 95.00, 1.14, 1.90, 2.28, 7.60, 'XGBOOST', TRUE),
(9143, 7143, 2, 1, 95.00, 1.14, 1.90, 2.28, 7.60, 'XGBOOST', TRUE),
(9144, 7144, 2, 1, 95.00, 1.14, 1.90, 2.28, 7.60, 'XGBOOST', TRUE),
(9145, 7145, 2, 1, 95.00, 0.855, 1.425, 1.71, 5.70, 'XGBOOST', TRUE),
(9146, 7146, 2, 1, 95.00, 0.855, 1.425, 1.71, 5.70, 'XGBOOST', TRUE),
(9147, 7147, 2, 1, 95.00, 0.855, 1.425, 1.71, 5.70, 'XGBOOST', TRUE),
(9148, 7148, 1, 1, 95.00, 5.00, 10, 10, 33.00, 'PROPHET', TRUE),
(9149, 7149, 2, 1, 95.00, 0.855, 1.425, 1.71, 5.70, 'XGBOOST', TRUE),
(9150, 7150, 1, 1, 95.00, 5.50, 11, 11, 47.50, 'PROPHET', TRUE),
(9151, 7151, 2, 1, 97.00, 3.96, 6.60, 7.92, 27.50, 'XGBOOST', TRUE),
(9152, 7152, 1, 1, 96.00, 8.00, 16, 16, 55.00, 'PROPHET', TRUE),
(9153, 7153, 1, 1, 95.00, 9.00, 18, 18, 71.50, 'PROPHET', TRUE),
(9154, 7154, 2, 1, 97.00, 2.64, 4.40, 5.28, 15.40, 'XGBOOST', TRUE),
(9155, 7155, 1, 1, 95.00, 9.00, 18, 18, 71.50, 'PROPHET', TRUE),
(9156, 7156, 1, 1, 95.00, 4.50, 9, 9, 33.00, 'PROPHET', TRUE),
(9157, 7157, 2, 1, 95.00, 0.66, 1.10, 1.32, 5.50, 'XGBOOST', TRUE),
(9158, 7158, 2, 1, 95.00, 0.66, 1.10, 1.32, 5.50, 'XGBOOST', TRUE),
(9159, 7159, 2, 1, 95.00, 0.528, 0.88, 1.056, 3.30, 'XGBOOST', TRUE),
(9160, 7160, 2, 1, 95.00, 0.528, 0.88, 1.056, 3.30, 'XGBOOST', TRUE),
(9161, 7161, 2, 1, 95.00, 1.98, 3.30, 3.96, 13.75, 'XGBOOST', TRUE),
(9162, 7162, 2, 1, 95.00, 0.99, 1.65, 1.98, 6.60, 'XGBOOST', TRUE),
(9163, 7163, 2, 1, 95.00, 0.66, 1.10, 1.32, 5.50, 'XGBOOST', TRUE),
(9164, 7164, 2, 1, 95.00, 0.66, 1.10, 1.32, 5.50, 'XGBOOST', TRUE),
(9165, 7165, 2, 1, 97.00, 3.30, 5.50, 6.60, 19.80, 'XGBOOST', TRUE),
(9166, 7166, 1, 1, 95.00, 13.00, 26, 26, 110.00, 'PROPHET', TRUE),
(9167, 7167, 2, 1, 95.00, 0.33, 0.55, 1, 2.375, 'XGBOOST', TRUE),
(9168, 7168, 2, 1, 95.00, 1.98, 3.30, 3.96, 13.20, 'XGBOOST', TRUE),
(9169, 7169, 2, 1, 95.00, 1.65, 2.75, 3.30, 11.00, 'XGBOOST', TRUE),
(9170, 7170, 2, 1, 97.00, 1.32, 2.20, 2.64, 9.90, 'XGBOOST', TRUE),
(9171, 7171, 2, 1, 97.00, 1.65, 2.75, 3.30, 11.00, 'XGBOOST', TRUE),
(9172, 7172, 2, 1, 95.00, 0.33, 0.55, 1, 2.75, 'XGBOOST', TRUE),
(9173, 7173, 1, 1, 96.00, 11.00, 22, 22, 77.00, 'PROPHET', TRUE),
(9174, 7174, 2, 1, 95.00, 1.32, 2.20, 2.64, 8.80, 'XGBOOST', TRUE),
(9175, 7175, 2, 1, 95.00, 1.32, 2.20, 2.64, 8.80, 'XGBOOST', TRUE),
(9176, 7176, 2, 1, 95.00, 1.32, 2.20, 2.64, 8.80, 'XGBOOST', TRUE),
(9177, 7177, 2, 1, 95.00, 0.99, 1.65, 1.98, 6.60, 'XGBOOST', TRUE),
(9178, 7178, 2, 1, 95.00, 0.66, 1.10, 1.32, 5.50, 'XGBOOST', TRUE),
(9179, 7179, 1, 1, 95.00, 6.50, 13, 13, 55.00, 'PROPHET', TRUE),
(9180, 7180, 2, 1, 95.00, 0.66, 1.10, 1.32, 4.40, 'XGBOOST', TRUE),
(9181, 7181, 1, 1, 95.00, 16.50, 33, 33, 132.00, 'PROPHET', TRUE),
(9182, 7182, 2, 1, 95.00, 0.99, 1.65, 1.98, 6.60, 'XGBOOST', TRUE),
(9183, 7183, 1, 1, 95.00, 11.00, 22, 22, 88.00, 'PROPHET', TRUE),
(9184, 7184, 1, 1, 95.00, 5.50, 11, 11, 38.50, 'PROPHET', TRUE),
(9185, 7185, 1, 1, 95.00, 6.50, 13, 13, 55.00, 'PROPHET', TRUE),
(9186, 7186, 2, 1, 97.00, 3.60, 6.00, 7.20, 25.00, 'XGBOOST', TRUE),
(9187, 7187, 1, 1, 96.00, 7.50, 15, 15, 50.00, 'PROPHET', TRUE),
(9188, 7188, 1, 1, 95.00, 12.50, 25, 25, 100.00, 'PROPHET', TRUE),
(9189, 7189, 2, 1, 97.00, 2.40, 4.00, 4.80, 14.00, 'XGBOOST', TRUE),
(9190, 7190, 1, 1, 95.00, 4.00, 8, 8, 30.00, 'PROPHET', TRUE),
(9191, 7191, 2, 1, 95.00, 0.60, 1.00, 1.20, 5.00, 'XGBOOST', TRUE),
(9192, 7192, 1, 1, 95.00, 12.00, 24, 24, 100.00, 'PROPHET', TRUE),
(9193, 7193, 2, 1, 95.00, 1.80, 3.00, 3.60, 12.50, 'XGBOOST', TRUE),
(9194, 7194, 2, 1, 95.00, 0.60, 1.00, 1.20, 5.00, 'XGBOOST', TRUE),
(9195, 7195, 2, 1, 95.00, 0.60, 1.00, 1.20, 5.00, 'XGBOOST', TRUE),
(9196, 7196, 2, 1, 95.00, 1.80, 3.00, 3.60, 12.00, 'XGBOOST', TRUE),
(9197, 7197, 2, 1, 95.00, 1.50, 2.50, 3.00, 10.00, 'XGBOOST', TRUE),
(9198, 7198, 2, 1, 97.00, 1.20, 2.00, 2.40, 9.00, 'XGBOOST', TRUE),
(9199, 7199, 2, 1, 95.00, 0.90, 1.50, 1.80, 6.00, 'XGBOOST', TRUE),
(9200, 7200, 2, 1, 97.00, 1.50, 2.50, 3.00, 10.00, 'XGBOOST', TRUE),
(9201, 7201, 2, 1, 95.00, 0.60, 1.00, 1.20, 5.00, 'XGBOOST', TRUE),
(9202, 7202, 2, 1, 95.00, 0.30, 0.50, 1, 2.50, 'XGBOOST', TRUE),
(9203, 7203, 1, 1, 96.00, 10.00, 20, 20, 70.00, 'PROPHET', TRUE),
(9204, 7204, 2, 1, 95.00, 1.20, 2.00, 2.40, 8.00, 'XGBOOST', TRUE),
(9205, 7205, 2, 1, 95.00, 1.20, 2.00, 2.40, 8.00, 'XGBOOST', TRUE),
(9206, 7206, 1, 1, 95.00, 8.00, 16, 16, 65.00, 'PROPHET', TRUE),
(9207, 7207, 2, 1, 95.00, 0.60, 1.00, 1.20, 4.00, 'XGBOOST', TRUE),
(9208, 7208, 2, 1, 95.00, 0.60, 1.00, 1.20, 5.00, 'XGBOOST', TRUE),
(9209, 7209, 2, 1, 95.00, 0.60, 1.00, 1.20, 4.00, 'XGBOOST', TRUE),
(9210, 7210, 2, 1, 95.00, 0.90, 1.50, 1.80, 6.00, 'XGBOOST', TRUE),
(9211, 7211, 1, 1, 95.00, 5.00, 10, 10, 35.00, 'PROPHET', TRUE),
(9212, 7212, 1, 1, 95.00, 6.00, 12, 12, 50.00, 'PROPHET', TRUE),
(9213, 7213, 1, 1, 95.00, 8.00, 16, 16, 65.00, 'PROPHET', TRUE),
(9214, 7214, 2, 1, 97.00, 3.60, 6.00, 7.20, 25.00, 'XGBOOST', TRUE),
(9215, 7215, 1, 1, 96.00, 3.00, 6, 6, 25.00, 'PROPHET', TRUE),
(9216, 7216, 1, 1, 95.00, 6.00, 12, 12, 50.00, 'PROPHET', TRUE),
(9217, 7217, 1, 1, 96.00, 7.50, 15, 15, 50.00, 'PROPHET', TRUE),
(9218, 7218, 2, 1, 95.00, 0.90, 1.50, 1.80, 6.00, 'XGBOOST', TRUE),
(9219, 7219, 1, 1, 95.00, 12.50, 25, 25, 100.00, 'PROPHET', TRUE),
(9220, 7220, 2, 1, 97.00, 1.80, 3.00, 3.60, 12.00, 'XGBOOST', TRUE),
(9221, 7221, 1, 1, 95.00, 8.00, 16, 16, 65.00, 'PROPHET', TRUE),
(9222, 7222, 2, 1, 95.00, 1.80, 3.00, 3.60, 12.50, 'XGBOOST', TRUE),
(9223, 7223, 2, 1, 95.00, 0.48, 0.80, 1, 3.00, 'XGBOOST', TRUE),
(9224, 7224, 1, 1, 95.00, 10.00, 20, 20, 70.00, 'PROPHET', TRUE),
(9225, 7225, 2, 1, 95.00, 0.60, 1.00, 1.20, 5.00, 'XGBOOST', TRUE),
(9226, 7226, 1, 1, 95.00, 10.00, 20, 20, 80.00, 'PROPHET', TRUE),
(9227, 7227, 1, 1, 95.00, 7.50, 15, 15, 50.00, 'PROPHET', TRUE),
(9228, 7228, 2, 1, 95.00, 0.60, 1.00, 1.20, 5.00, 'XGBOOST', TRUE),
(9229, 7229, 1, 1, 95.00, 6.00, 12, 12, 40.00, 'PROPHET', TRUE),
(9230, 7230, 2, 1, 95.00, 1.80, 3.00, 3.60, 12.00, 'XGBOOST', TRUE),
(9231, 7231, 2, 1, 97.00, 1.20, 2.00, 2.40, 9.00, 'XGBOOST', TRUE),
(9232, 7232, 2, 1, 97.00, 1.50, 2.50, 3.00, 10.00, 'XGBOOST', TRUE),
(9233, 7233, 1, 1, 95.00, 25.00, 50, 50, 200.00, 'PROPHET', TRUE),
(9234, 7234, 2, 1, 95.00, 0.30, 0.50, 1, 2.50, 'XGBOOST', TRUE),
(9235, 7235, 2, 1, 95.00, 1.20, 2.00, 2.40, 8.00, 'XGBOOST', TRUE),
(9236, 7236, 1, 1, 95.00, 30.00, 60, 60, 250.00, 'PROPHET', TRUE),
(9237, 7237, 1, 1, 95.00, 6.00, 12, 12, 40.00, 'PROPHET', TRUE),
(9238, 7238, 1, 1, 95.00, 5.00, 10, 10, 35.00, 'PROPHET', TRUE),
(9239, 7239, 2, 1, 95.00, 0.90, 1.50, 1.80, 6.00, 'XGBOOST', TRUE),
(9240, 7240, 1, 1, 95.00, 12.00, 24, 24, 100.00, 'PROPHET', TRUE),
(9241, 7241, 2, 1, 95.00, 0.90, 1.50, 1.80, 6.00, 'XGBOOST', TRUE),
(9242, 7242, 2, 1, 95.00, 0.60, 1.00, 1.20, 5.00, 'XGBOOST', TRUE),
(9243, 7243, 2, 1, 95.00, 0.48, 0.80, 1, 3.00, 'XGBOOST', TRUE),
(9244, 7244, 2, 1, 95.00, 0.60, 1.00, 1.20, 4.00, 'XGBOOST', TRUE),
(9245, 7245, 2, 1, 95.00, 0.60, 1.00, 1.20, 4.00, 'XGBOOST', TRUE),
(9246, 7246, 1, 1, 95.00, 5.00, 10, 10, 35.00, 'PROPHET', TRUE),
(9247, 7247, 2, 1, 95.00, 0.648, 1.08, 1.296, 4.50, 'XGBOOST', TRUE),
(9248, 7248, 2, 1, 95.00, 0.54, 0.90, 1.08, 3.60, 'XGBOOST', TRUE),
(9249, 7249, 2, 1, 95.00, 0.81, 1.35, 1.62, 5.40, 'XGBOOST', TRUE),
(9250, 7250, 1, 1, 95.00, 11.00, 22, 22, 90.00, 'PROPHET', TRUE),
(9251, 7251, 2, 1, 95.00, 1.08, 1.80, 2.16, 7.20, 'XGBOOST', TRUE),
(9252, 7252, 2, 1, 95.00, 0.54, 0.90, 1.08, 4.50, 'XGBOOST', TRUE),
(9253, 7253, 1, 1, 95.00, 3.50, 7, 7, 31.50, 'PROPHET', TRUE),
(9254, 7254, 2, 1, 95.00, 0.432, 0.72, 1, 2.80, 'XGBOOST', TRUE),
(9255, 7255, 2, 1, 95.00, 0.432, 0.72, 1, 2.80, 'XGBOOST', TRUE),
(9256, 7256, 2, 1, 95.00, 0.81, 1.35, 1.62, 5.40, 'XGBOOST', TRUE),
(9257, 7257, 2, 1, 95.00, 0.27, 0.45, 1, 2.35, 'XGBOOST', TRUE),
(9258, 7258, 1, 1, 96.00, 7.00, 14, 14, 58.50, 'PROPHET', TRUE),
(9259, 7259, 2, 1, 95.00, 0.54, 0.90, 1.08, 3.60, 'XGBOOST', TRUE),
(9260, 7260, 2, 1, 97.00, 2.70, 4.50, 5.40, 16.20, 'XGBOOST', TRUE),
(9261, 7261, 1, 1, 95.00, 11.00, 22, 22, 90.00, 'PROPHET', TRUE),
(9262, 7262, 2, 1, 95.00, 0.27, 0.45, 1, 2.125, 'XGBOOST', TRUE),
(9263, 7263, 2, 1, 95.00, 1.62, 2.70, 3.24, 10.80, 'XGBOOST', TRUE),
(9264, 7264, 2, 1, 97.00, 1.35, 2.25, 2.70, 9.00, 'XGBOOST', TRUE),
(9265, 7265, 1, 1, 95.00, 5.50, 11, 11, 45.00, 'PROPHET', TRUE),
(9266, 7266, 2, 1, 95.00, 0.81, 1.35, 1.62, 5.40, 'XGBOOST', TRUE),
(9267, 7267, 2, 1, 95.00, 1.08, 1.80, 2.16, 7.20, 'XGBOOST', TRUE),
(9268, 7268, 1, 1, 96.00, 2.00, 4, 6, 19.00, 'PROPHET', TRUE),
(9269, 7269, 1, 1, 95.00, 3.00, 6, 6, 22.50, 'PROPHET', TRUE),
(9270, 7270, 1, 1, 95.00, 9.50, 19, 19, 75.00, 'PROPHET', TRUE),
(9271, 7271, 2, 1, 95.00, 0.36, 0.60, 1, 2.50, 'XGBOOST', TRUE),
(9272, 7272, 1, 1, 95.00, 4.00, 8, 8, 30.00, 'PROPHET', TRUE),
(9273, 7273, 2, 1, 95.00, 0.045, 0.075, 1, 1.30, 'XGBOOST', TRUE),
(9274, 7274, 2, 1, 95.00, 0.225, 0.375, 1, 2.125, 'XGBOOST', TRUE),
(9275, 7275, 1, 1, 95.00, 7.50, 15, 15, 60.00, 'PROPHET', TRUE),
(9276, 7276, 2, 1, 95.00, 0.675, 1.125, 1.35, 4.50, 'XGBOOST', TRUE),
(9277, 7277, 2, 1, 95.00, 0.225, 0.375, 1, 2.125, 'XGBOOST', TRUE),
(9278, 7278, 2, 1, 97.00, 2.25, 3.75, 4.50, 13.50, 'XGBOOST', TRUE),
(9279, 7279, 1, 1, 95.00, 9.00, 18, 18, 75.00, 'PROPHET', TRUE),
(9280, 7280, 2, 1, 95.00, 0.225, 0.375, 1, 2.125, 'XGBOOST', TRUE),
(9281, 7281, 2, 1, 95.00, 0.675, 1.125, 1.35, 4.50, 'XGBOOST', TRUE),
(9282, 7282, 1, 1, 95.00, 4.50, 9, 9, 37.50, 'PROPHET', TRUE),
(9283, 7283, 2, 1, 97.00, 0.225, 0.375, 1, 2.125, 'XGBOOST', TRUE),
(9284, 7284, 1, 1, 95.00, 3.00, 6, 6, 22.50, 'PROPHET', TRUE);

INSERT INTO menu_item_ingredients
(id, menu_item_id, inventory_item_id, quantity_required, wastage_pct, is_optional, is_active)
VALUES
(12001, 4001, 7010, 0.18, 0.00, FALSE, TRUE),
(12002, 4001, 7009, 0.06, 3, FALSE, TRUE),
(12003, 4001, 7015, 0.10, 3, FALSE, TRUE),
(12004, 4001, 7004, 0.02, 0.00, FALSE, TRUE),
(12005, 4002, 7010, 0.18, 0.00, FALSE, TRUE),
(12006, 4002, 7009, 0.06, 3, FALSE, TRUE),
(12007, 4002, 7015, 0.10, 3, FALSE, TRUE),
(12008, 4002, 7004, 0.02, 0.00, FALSE, TRUE),
(12009, 4003, 7016, 0.12, 0.00, FALSE, TRUE),
(12010, 4003, 7009, 0.04, 3, FALSE, TRUE),
(12011, 4003, 7015, 0.04, 3, FALSE, TRUE),
(12012, 4004, 7003, 0.14, 0.00, FALSE, TRUE),
(12013, 4004, 7009, 0.04, 3, FALSE, TRUE),
(12014, 4004, 7015, 0.05, 3, FALSE, TRUE),
(12015, 4005, 7011, 0.18, 0.00, FALSE, TRUE),
(12016, 4005, 7009, 0.03, 3, FALSE, TRUE),
(12017, 4005, 7004, 0.015, 0.00, FALSE, TRUE),
(12018, 4006, 7007, 0.17, 0.00, FALSE, TRUE),
(12019, 4006, 7009, 0.05, 3, FALSE, TRUE),
(12020, 4006, 7015, 0.06, 3, FALSE, TRUE),
(12021, 4007, 7008, 0.14, 0.00, FALSE, TRUE),
(12022, 4007, 7007, 0.08, 3, FALSE, TRUE),
(12023, 4007, 7014, 0.02, 0.00, FALSE, TRUE),
(12024, 4007, 7013, 0.015, 0.00, FALSE, TRUE),
(12025, 4008, 7008, 0.14, 0.00, FALSE, TRUE),
(12026, 4008, 7007, 0.08, 3, FALSE, TRUE),
(12027, 4008, 7014, 0.02, 0.00, FALSE, TRUE),
(12028, 4008, 7013, 0.025, 0.00, FALSE, TRUE),
(12029, 4009, 7001, 0.14, 0.00, FALSE, TRUE),
(12030, 4009, 7007, 0.08, 3, FALSE, TRUE),
(12031, 4009, 7014, 0.018, 0.00, FALSE, TRUE),
(12032, 4010, 7010, 0.15, 0.00, FALSE, TRUE),
(12033, 4010, 7002, 0.05, 3, FALSE, TRUE),
(12034, 4010, 7014, 0.015, 0.00, FALSE, TRUE),
(12035, 4010, 7013, 0.02, 0.00, FALSE, TRUE),
(12036, 4011, 7006, 0.14, 0.00, FALSE, TRUE),
(12037, 4011, 7014, 0.015, 0.00, FALSE, TRUE),
(12038, 4011, 7013, 0.02, 0.00, FALSE, TRUE),
(12039, 4012, 7001, 0.14, 0.00, FALSE, TRUE),
(12040, 4012, 7010, 0.10, 0.00, FALSE, TRUE),
(12041, 4012, 7007, 0.06, 3, FALSE, TRUE),
(12042, 4012, 7014, 0.018, 0.00, FALSE, TRUE),
(12043, 4013, 7001, 0.18, 0.00, FALSE, TRUE),
(12044, 4013, 7007, 0.10, 3, FALSE, TRUE),
(12045, 4013, 7005, 0.03, 0.00, FALSE, TRUE),
(12046, 4014, 7001, 0.18, 0.00, FALSE, TRUE),
(12047, 4014, 7010, 0.12, 0.00, FALSE, TRUE),
(12048, 4014, 7005, 0.03, 0.00, FALSE, TRUE),
(12049, 4015, 7001, 0.18, 0.00, FALSE, TRUE),
(12050, 4016, 7001, 0.18, 0.00, FALSE, TRUE),
(12051, 4016, 7007, 0.10, 3, FALSE, TRUE),
(12052, 4016, 7005, 0.03, 0.00, FALSE, TRUE),
(12053, 4017, 7001, 0.14, 0.00, FALSE, TRUE),
(12054, 4017, 7005, 0.12, 0.00, FALSE, TRUE),
(12055, 4018, 7001, 0.18, 0.00, FALSE, TRUE),
(12056, 4019, 7012, 0.13, 0.00, FALSE, TRUE),
(12057, 4019, 7001, 0.15, 0.00, FALSE, TRUE),
(12058, 4019, 7009, 0.03, 3, FALSE, TRUE),
(12059, 4019, 7015, 0.04, 3, FALSE, TRUE),
(12060, 4020, 7003, 0.13, 0.00, FALSE, TRUE),
(12061, 4020, 7001, 0.15, 0.00, FALSE, TRUE),
(12062, 4020, 7009, 0.03, 3, FALSE, TRUE),
(12063, 4020, 7015, 0.04, 3, FALSE, TRUE),
(12064, 4021, 7016, 0.11, 0.00, FALSE, TRUE),
(12065, 4021, 7001, 0.15, 0.00, FALSE, TRUE),
(12066, 4021, 7009, 0.03, 3, FALSE, TRUE),
(12067, 4022, 7010, 0.14, 0.00, FALSE, TRUE),
(12068, 4022, 7017, 0.12, 0.00, FALSE, TRUE),
(12069, 4022, 7009, 0.03, 3, FALSE, TRUE),
(12070, 4022, 7015, 0.04, 3, FALSE, TRUE),
(12071, 4023, 7017, 0.12, 0.00, FALSE, TRUE),
(12072, 4023, 7001, 0.10, 0.00, FALSE, TRUE),
(12073, 4023, 7016, 0.06, 0.00, FALSE, TRUE),
(12074, 4023, 7007, 0.09, 0.00, FALSE, TRUE),
(12075, 4024, 7017, 0.14, 0.00, FALSE, TRUE),
(12076, 4024, 7001, 0.10, 0.00, FALSE, TRUE),
(12077, 4024, 7016, 0.06, 0.00, FALSE, TRUE),
(12078, 4024, 7010, 0.08, 0.00, FALSE, TRUE),
(12079, 4024, 7007, 0.06, 0.00, FALSE, TRUE),
(12080, 4025, 7036, 1, 0.00, FALSE, TRUE),
(12081, 4025, 7032, 0.12, 0.00, FALSE, TRUE),
(12082, 4025, 7037, 0.08, 0.00, FALSE, TRUE),
(12083, 4026, 7036, 1, 0.00, FALSE, TRUE),
(12084, 4026, 7032, 0.12, 0.00, FALSE, TRUE),
(12085, 4026, 7037, 0.08, 0.00, FALSE, TRUE),
(12086, 4026, 7038, 0.09, 0.00, FALSE, TRUE),
(12087, 4027, 7036, 1, 0.00, FALSE, TRUE),
(12088, 4027, 7032, 0.12, 0.00, FALSE, TRUE),
(12089, 4027, 7037, 0.08, 0.00, FALSE, TRUE),
(12090, 4027, 7033, 0.09, 0.00, FALSE, TRUE),
(12091, 4028, 7036, 1, 0.00, FALSE, TRUE),
(12092, 4028, 7032, 0.13, 0.00, FALSE, TRUE),
(12093, 4028, 7037, 0.085, 0.00, FALSE, TRUE),
(12094, 4028, 7038, 0.10, 0.00, FALSE, TRUE),
(12095, 4029, 7036, 1, 0.00, FALSE, TRUE),
(12096, 4029, 7032, 0.125, 0.00, FALSE, TRUE),
(12097, 4029, 7037, 0.08, 0.00, FALSE, TRUE),
(12098, 4029, 7040, 0.08, 0.00, FALSE, TRUE),
(12099, 4030, 7036, 1, 0.00, FALSE, TRUE),
(12100, 4030, 7032, 0.125, 0.00, FALSE, TRUE),
(12101, 4030, 7037, 0.08, 0.00, FALSE, TRUE),
(12102, 4030, 7038, 0.08, 0.00, FALSE, TRUE),
(12103, 4030, 7035, 0.008, 0.00, FALSE, TRUE),
(12104, 4031, 7034, 0.14, 0.00, FALSE, TRUE),
(12105, 4031, 7042, 0.10, 0.00, FALSE, TRUE),
(12106, 4031, 7032, 0.04, 0.00, FALSE, TRUE),
(12107, 4032, 7034, 0.14, 0.00, FALSE, TRUE),
(12108, 4032, 7039, 0.10, 0.00, FALSE, TRUE),
(12109, 4032, 7032, 0.02, 0.00, FALSE, TRUE),
(12110, 4033, 7028, 1, 0.00, FALSE, TRUE),
(12111, 4034, 7028, 1, 0.00, FALSE, TRUE),
(12112, 4034, 7032, 0.05, 0.00, FALSE, TRUE),
(12113, 4035, 7029, 0.12, 0.00, FALSE, TRUE),
(12114, 4035, 7039, 0.10, 0.00, FALSE, TRUE),
(12115, 4035, 7032, 0.08, 0.00, FALSE, TRUE),
(12116, 4035, 7038, 0.07, 0.00, FALSE, TRUE),
(12117, 4036, 7034, 0.14, 0.00, FALSE, TRUE),
(12118, 4036, 7042, 0.11, 0.00, FALSE, TRUE),
(12119, 4036, 7032, 0.07, 0.00, FALSE, TRUE),
(12120, 4037, 7018, 1, 0.00, FALSE, TRUE),
(12121, 4038, 7018, 1, 0.00, FALSE, TRUE),
(12122, 4038, 7041, 0.08, 0.00, FALSE, TRUE),
(12123, 4038, 7027, 0.02, 0.00, FALSE, TRUE),
(12124, 4039, 7041, 0.10, 0.00, FALSE, TRUE),
(12125, 4040, 7026, 0.10, 0.00, FALSE, TRUE),
(12126, 4041, 7020, 1, 0.00, FALSE, TRUE),
(12127, 4042, 7030, 1, 0.00, FALSE, TRUE),
(12128, 4043, 7025, 0.18, 0.00, FALSE, TRUE),
(12129, 4044, 7025, 0.18, 0.00, FALSE, TRUE),
(12130, 4044, 7035, 0.006, 0.00, FALSE, TRUE),
(12131, 4045, 7022, 0.16, 0.00, FALSE, TRUE),
(12132, 4046, 7023, 0.17, 0.00, FALSE, TRUE),
(12133, 4047, 7036, 0.33, 0.00, FALSE, TRUE),
(12134, 4047, 7032, 0.04, 0.00, FALSE, TRUE),
(12135, 4047, 7037, 0.03, 0.00, FALSE, TRUE),
(12136, 4047, 7024, 0.035, 0.00, FALSE, TRUE),
(12137, 4048, 7019, 1, 0.00, FALSE, TRUE),
(12138, 4048, 7021, 1, 0.00, FALSE, TRUE),
(12139, 4048, 7031, 0.015, 0.00, FALSE, TRUE),
(12140, 4049, 7058, 0.18, 0.00, FALSE, TRUE),
(12141, 4049, 7057, 0.06, 3, FALSE, TRUE),
(12142, 4049, 7066, 0.10, 3, FALSE, TRUE),
(12143, 4050, 7058, 0.18, 0.00, FALSE, TRUE),
(12144, 4050, 7057, 0.06, 3, FALSE, TRUE),
(12145, 4050, 7066, 0.10, 3, FALSE, TRUE),
(12146, 4051, 7067, 0.12, 0.00, FALSE, TRUE),
(12147, 4051, 7057, 0.04, 3, FALSE, TRUE),
(12148, 4051, 7066, 0.04, 3, FALSE, TRUE),
(12149, 4052, 7059, 0.18, 0.00, FALSE, TRUE),
(12150, 4052, 7057, 0.03, 3, FALSE, TRUE),
(12151, 4053, 7055, 0.18, 0.00, FALSE, TRUE),
(12152, 4053, 7057, 0.05, 3, FALSE, TRUE),
(12153, 4053, 7066, 0.06, 3, FALSE, TRUE),
(12154, 4054, 7058, 0.15, 0.00, FALSE, TRUE),
(12155, 4054, 7057, 0.05, 3, FALSE, TRUE),
(12156, 4054, 7066, 0.06, 3, FALSE, TRUE),
(12157, 4055, 7056, 0.14, 0.00, FALSE, TRUE),
(12158, 4055, 7055, 0.08, 3, FALSE, TRUE),
(12159, 4055, 7064, 0.02, 0.00, FALSE, TRUE),
(12160, 4055, 7062, 0.015, 0.00, FALSE, TRUE),
(12161, 4056, 7056, 0.14, 0.00, FALSE, TRUE),
(12162, 4056, 7055, 0.08, 3, FALSE, TRUE),
(12163, 4056, 7064, 0.02, 0.00, FALSE, TRUE),
(12164, 4056, 7062, 0.025, 0.00, FALSE, TRUE),
(12165, 4057, 7043, 0.14, 0.00, FALSE, TRUE),
(12166, 4057, 7055, 0.08, 3, FALSE, TRUE),
(12167, 4057, 7064, 0.018, 0.00, FALSE, TRUE),
(12168, 4058, 7058, 0.15, 0.00, FALSE, TRUE),
(12169, 4058, 7046, 0.05, 3, FALSE, TRUE),
(12170, 4058, 7064, 0.015, 0.00, FALSE, TRUE),
(12171, 4058, 7062, 0.02, 0.00, FALSE, TRUE),
(12172, 4059, 7052, 0.14, 0.00, FALSE, TRUE),
(12173, 4059, 7064, 0.015, 0.00, FALSE, TRUE),
(12174, 4059, 7062, 0.02, 0.00, FALSE, TRUE),
(12175, 4060, 7043, 0.14, 0.00, FALSE, TRUE),
(12176, 4060, 7055, 0.07, 3, FALSE, TRUE),
(12177, 4060, 7064, 0.018, 0.00, FALSE, TRUE),
(12178, 4060, 7062, 0.018, 0.00, FALSE, TRUE),
(12179, 4061, 7065, 0.13, 0.00, FALSE, TRUE),
(12180, 4061, 7063, 0.04, 0.00, FALSE, TRUE),
(12181, 4062, 7063, 0.18, 0.00, FALSE, TRUE),
(12182, 4063, 7058, 0.10, 0.00, FALSE, TRUE),
(12183, 4063, 7055, 0.10, 3, FALSE, TRUE),
(12184, 4064, 7045, 0.16, 0.00, FALSE, TRUE),
(12185, 4064, 7055, 0.10, 3, FALSE, TRUE),
(12186, 4065, 7060, 0.12, 0.00, FALSE, TRUE),
(12187, 4065, 7055, 0.10, 3, FALSE, TRUE),
(12188, 4066, 7044, 4, 0.00, FALSE, TRUE),
(12189, 4066, 7061, 0.09, 0.00, FALSE, TRUE),
(12190, 4067, 7051, 0.05, 0.00, FALSE, TRUE),
(12191, 4068, 7049, 0.18, 0.00, FALSE, TRUE),
(12192, 4068, 7053, 0.05, 0.00, FALSE, TRUE),
(12193, 4069, 7049, 0.12, 0.00, FALSE, TRUE),
(12194, 4070, 7053, 0.22, 0.00, FALSE, TRUE),
(12195, 4070, 7048, 0.02, 0.00, FALSE, TRUE),
(12196, 4071, 7049, 0.12, 0.00, FALSE, TRUE),
(12197, 4072, 7054, 1, 0.00, FALSE, TRUE),
(12198, 4073, 7050, 2, 0.00, FALSE, TRUE),
(12199, 4073, 7057, 0.04, 3, FALSE, TRUE),
(12200, 4073, 7066, 0.05, 3, FALSE, TRUE),
(12201, 4074, 7047, 0.18, 0.00, FALSE, TRUE),
(12202, 4074, 7057, 0.05, 3, FALSE, TRUE),
(12203, 4074, 7066, 0.06, 3, FALSE, TRUE),
(12204, 4075, 7047, 0.18, 0.00, FALSE, TRUE),
(12205, 4075, 7057, 0.05, 3, FALSE, TRUE),
(12206, 4075, 7066, 0.06, 3, FALSE, TRUE),
(12207, 4076, 7050, 2, 0.00, FALSE, TRUE),
(12208, 4076, 7057, 0.04, 3, FALSE, TRUE),
(12209, 4076, 7066, 0.04, 3, FALSE, TRUE),
(12210, 4077, 7043, 0.14, 0.00, FALSE, TRUE),
(12211, 4077, 7047, 0.10, 0.00, FALSE, TRUE),
(12212, 4077, 7055, 0.06, 3, FALSE, TRUE),
(12213, 4077, 7064, 0.018, 0.00, FALSE, TRUE),
(12214, 4078, 7056, 0.14, 0.00, FALSE, TRUE),
(12215, 4078, 7047, 0.10, 0.00, FALSE, TRUE),
(12216, 4078, 7064, 0.02, 0.00, FALSE, TRUE),
(12217, 4078, 7055, 0.05, 3, FALSE, TRUE),
(12218, 4079, 7088, 0.12, 0.00, FALSE, TRUE),
(12219, 4079, 7079, 0.04, 3, FALSE, TRUE),
(12220, 4079, 7087, 0.04, 3, FALSE, TRUE),
(12221, 4080, 7080, 0.18, 0.00, FALSE, TRUE),
(12222, 4080, 7079, 0.06, 3, FALSE, TRUE),
(12223, 4080, 7087, 0.10, 3, FALSE, TRUE),
(12224, 4081, 7080, 0.18, 0.00, FALSE, TRUE),
(12225, 4081, 7079, 0.06, 3, FALSE, TRUE),
(12226, 4081, 7087, 0.10, 3, FALSE, TRUE),
(12227, 4082, 7082, 0.18, 0.00, FALSE, TRUE),
(12228, 4082, 7079, 0.03, 3, FALSE, TRUE),
(12229, 4083, 7078, 0.18, 0.00, FALSE, TRUE),
(12230, 4083, 7079, 0.05, 3, FALSE, TRUE),
(12231, 4083, 7087, 0.06, 3, FALSE, TRUE),
(12232, 4084, 7082, 0.12, 0.00, FALSE, TRUE),
(12233, 4084, 7078, 0.10, 0.00, FALSE, TRUE),
(12234, 4084, 7079, 0.03, 3, FALSE, TRUE),
(12235, 4085, 7068, 0.18, 0.00, FALSE, TRUE),
(12236, 4085, 7078, 0.10, 3, FALSE, TRUE),
(12237, 4085, 7072, 0.03, 0.00, FALSE, TRUE),
(12238, 4086, 7068, 0.18, 0.00, FALSE, TRUE),
(12239, 4086, 7080, 0.12, 0.00, FALSE, TRUE),
(12240, 4086, 7072, 0.03, 0.00, FALSE, TRUE),
(12241, 4087, 7068, 0.18, 0.00, FALSE, TRUE),
(12242, 4088, 7068, 0.18, 0.00, FALSE, TRUE),
(12243, 4088, 7078, 0.10, 3, FALSE, TRUE),
(12244, 4088, 7072, 0.03, 0.00, FALSE, TRUE),
(12245, 4089, 7068, 0.18, 0.00, FALSE, TRUE),
(12246, 4090, 7068, 0.14, 0.00, FALSE, TRUE),
(12247, 4090, 7072, 0.12, 0.00, FALSE, TRUE),
(12248, 4091, 7081, 0.14, 0.00, FALSE, TRUE),
(12249, 4091, 7090, 0.10, 0.00, FALSE, TRUE),
(12250, 4091, 7076, 0.04, 0.00, FALSE, TRUE),
(12251, 4092, 7081, 0.14, 0.00, FALSE, TRUE),
(12252, 4092, 7083, 0.10, 0.00, FALSE, TRUE),
(12253, 4093, 7074, 1, 0.00, FALSE, TRUE),
(12254, 4094, 7069, 4, 0.00, FALSE, TRUE),
(12255, 4094, 7084, 0.09, 0.00, FALSE, TRUE),
(12256, 4095, 7070, 1, 0.00, FALSE, TRUE),
(12257, 4095, 7089, 1, 0.00, FALSE, TRUE),
(12258, 4095, 7084, 0.03, 0.00, FALSE, TRUE),
(12259, 4096, 7073, 0.18, 0.00, FALSE, TRUE),
(12260, 4097, 7086, 0.01, 0.00, FALSE, TRUE),
(12261, 4097, 7076, 0.10, 0.00, FALSE, TRUE),
(12262, 4098, 7076, 0.22, 0.00, FALSE, TRUE),
(12263, 4098, 7071, 0.02, 0.00, FALSE, TRUE),
(12264, 4099, 7075, 0.04, 0.00, FALSE, TRUE),
(12265, 4099, 7085, 1, 0.00, FALSE, TRUE),
(12266, 4100, 7072, 0.18, 0.00, FALSE, TRUE),
(12267, 4100, 7076, 0.05, 0.00, FALSE, TRUE),
(12268, 4101, 7072, 0.12, 0.00, FALSE, TRUE),
(12269, 4102, 7077, 1, 0.00, FALSE, TRUE),
(12270, 4103, 7119, 1, 0.00, FALSE, TRUE),
(12271, 4103, 7101, 0.06, 0.00, FALSE, TRUE),
(12272, 4103, 7123, 0.02, 0.00, FALSE, TRUE),
(12273, 4103, 7121, 0.01, 0.00, FALSE, TRUE),
(12274, 4104, 7116, 12, 0.00, FALSE, TRUE),
(12275, 4104, 7101, 0.06, 0.00, FALSE, TRUE),
(12276, 4104, 7123, 0.02, 0.00, FALSE, TRUE),
(12277, 4104, 7121, 0.01, 0.00, FALSE, TRUE),
(12278, 4105, 7117, 6, 0.00, FALSE, TRUE),
(12279, 4105, 7101, 0.06, 0.00, FALSE, TRUE),
(12280, 4105, 7123, 0.02, 0.00, FALSE, TRUE),
(12281, 4105, 7121, 0.01, 0.00, FALSE, TRUE),
(12282, 4106, 7116, 10, 0.00, FALSE, TRUE),
(12283, 4106, 7121, 0.015, 0.00, FALSE, TRUE),
(12284, 4106, 7123, 0.02, 0.00, FALSE, TRUE),
(12285, 4106, 7106, 0.01, 0.00, FALSE, TRUE),
(12286, 4107, 7117, 6, 0.00, FALSE, TRUE),
(12287, 4107, 7121, 0.015, 0.00, FALSE, TRUE),
(12288, 4107, 7123, 0.02, 0.00, FALSE, TRUE),
(12289, 4107, 7101, 0.04, 0.00, FALSE, TRUE),
(12290, 4108, 7091, 2, 0.00, FALSE, TRUE),
(12291, 4108, 7101, 0.06, 0.00, FALSE, TRUE),
(12292, 4108, 7123, 0.02, 0.00, FALSE, TRUE),
(12293, 4108, 7121, 0.01, 0.00, FALSE, TRUE),
(12294, 4109, 7093, 4, 0.00, FALSE, TRUE),
(12295, 4109, 7120, 0.08, 0.00, FALSE, TRUE),
(12296, 4110, 7093, 4, 0.00, FALSE, TRUE),
(12297, 4110, 7120, 0.09, 0.00, FALSE, TRUE),
(12298, 4110, 7095, 1, 0.00, FALSE, TRUE),
(12299, 4111, 7093, 4, 0.00, FALSE, TRUE),
(12300, 4111, 7120, 0.06, 0.00, FALSE, TRUE),
(12301, 4111, 7095, 2, 0.00, FALSE, TRUE),
(12302, 4112, 7126, 1, 0.00, FALSE, TRUE),
(12303, 4113, 7115, 1, 0.00, FALSE, TRUE),
(12304, 4114, 7111, 1, 0.00, FALSE, TRUE),
(12305, 4114, 7110, 0.01, 0.00, FALSE, TRUE),
(12306, 4115, 7100, 1, 0.00, FALSE, TRUE),
(12307, 4116, 7114, 1, 0.00, FALSE, TRUE),
(12308, 4117, 7124, 1, 0.00, FALSE, TRUE),
(12309, 4118, 7098, 1, 0.00, FALSE, TRUE),
(12310, 4119, 7108, 1, 0.00, FALSE, TRUE),
(12311, 4120, 7099, 1, 0.00, FALSE, TRUE),
(12312, 4121, 7096, 1, 0.00, FALSE, TRUE),
(12313, 4122, 7092, 1, 0.00, FALSE, TRUE),
(12314, 4123, 7094, 1, 0.00, FALSE, TRUE),
(12315, 4124, 7107, 2, 0.00, FALSE, TRUE),
(12316, 4125, 7118, 2, 0.00, FALSE, TRUE),
(12317, 4126, 7102, 0.12, 0.00, FALSE, TRUE),
(12318, 4126, 7103, 0.08, 0.00, FALSE, TRUE),
(12319, 4127, 7125, 0.01, 0.00, FALSE, TRUE),
(12320, 4127, 7112, 0.10, 0.00, FALSE, TRUE),
(12321, 4128, 7125, 0.01, 0.00, FALSE, TRUE),
(12322, 4128, 7112, 0.09, 0.00, FALSE, TRUE),
(12323, 4128, 7105, 0.01, 0.00, FALSE, TRUE),
(12324, 4129, 7125, 0.01, 0.00, FALSE, TRUE),
(12325, 4129, 7112, 0.09, 0.00, FALSE, TRUE),
(12326, 4129, 7104, 0.001, 0.00, FALSE, TRUE),
(12327, 4130, 7112, 0.22, 0.00, FALSE, TRUE),
(12328, 4130, 7097, 0.02, 0.00, FALSE, TRUE),
(12329, 4131, 7109, 0.04, 0.00, FALSE, TRUE),
(12330, 4131, 7122, 1, 0.00, FALSE, TRUE),
(12331, 4132, 7113, 1, 0.00, FALSE, TRUE),
(12332, 4133, 7141, 1, 0.00, FALSE, TRUE),
(12333, 4133, 7135, 0.12, 0.00, FALSE, TRUE),
(12334, 4133, 7142, 0.08, 0.00, FALSE, TRUE),
(12335, 4134, 7141, 1, 0.00, FALSE, TRUE),
(12336, 4134, 7135, 0.12, 0.00, FALSE, TRUE),
(12337, 4134, 7142, 0.08, 0.00, FALSE, TRUE),
(12338, 4134, 7143, 0.09, 0.00, FALSE, TRUE),
(12339, 4135, 7141, 1, 0.00, FALSE, TRUE),
(12340, 4135, 7135, 0.12, 0.00, FALSE, TRUE),
(12341, 4135, 7142, 0.08, 0.00, FALSE, TRUE),
(12342, 4135, 7138, 0.09, 0.00, FALSE, TRUE),
(12343, 4136, 7141, 1, 0.00, FALSE, TRUE),
(12344, 4136, 7135, 0.125, 0.00, FALSE, TRUE),
(12345, 4136, 7142, 0.08, 0.00, FALSE, TRUE),
(12346, 4136, 7147, 0.08, 0.00, FALSE, TRUE),
(12347, 4137, 7141, 1, 0.00, FALSE, TRUE),
(12348, 4137, 7135, 0.12, 0.00, FALSE, TRUE),
(12349, 4137, 7142, 0.08, 0.00, FALSE, TRUE),
(12350, 4137, 7143, 0.085, 0.00, FALSE, TRUE),
(12351, 4138, 7141, 1, 0.00, FALSE, TRUE),
(12352, 4138, 7135, 0.12, 0.00, FALSE, TRUE),
(12353, 4138, 7142, 0.08, 0.00, FALSE, TRUE),
(12354, 4138, 7136, 0.08, 0.00, FALSE, TRUE),
(12355, 4139, 7139, 0.14, 0.00, FALSE, TRUE),
(12356, 4139, 7149, 0.10, 0.00, FALSE, TRUE),
(12357, 4139, 7135, 0.04, 0.00, FALSE, TRUE),
(12358, 4140, 7139, 0.14, 0.00, FALSE, TRUE),
(12359, 4140, 7145, 0.10, 0.00, FALSE, TRUE),
(12360, 4140, 7135, 0.02, 0.00, FALSE, TRUE),
(12361, 4141, 7139, 0.14, 0.00, FALSE, TRUE),
(12362, 4141, 7145, 0.11, 0.00, FALSE, TRUE),
(12363, 4141, 7140, 0.006, 0.00, FALSE, TRUE),
(12364, 4142, 7132, 1, 0.00, FALSE, TRUE),
(12365, 4142, 7133, 0.025, 0.00, FALSE, TRUE),
(12366, 4143, 7132, 1, 0.00, FALSE, TRUE),
(12367, 4143, 7133, 0.02, 0.00, FALSE, TRUE),
(12368, 4143, 7135, 0.05, 0.00, FALSE, TRUE),
(12369, 4144, 7139, 0.14, 0.00, FALSE, TRUE),
(12370, 4144, 7145, 0.08, 0.00, FALSE, TRUE),
(12371, 4144, 7149, 0.06, 0.00, FALSE, TRUE),
(12372, 4144, 7135, 0.06, 0.00, FALSE, TRUE),
(12373, 4145, 7129, 1, 0.00, FALSE, TRUE),
(12374, 4145, 7148, 1, 0.00, FALSE, TRUE),
(12375, 4145, 7134, 0.015, 0.00, FALSE, TRUE),
(12376, 4146, 7129, 1, 0.00, FALSE, TRUE),
(12377, 4146, 7148, 1, 0.00, FALSE, TRUE),
(12378, 4146, 7130, 1, 0.00, FALSE, TRUE),
(12379, 4146, 7134, 0.01, 0.00, FALSE, TRUE),
(12380, 4147, 7131, 0.18, 0.00, FALSE, TRUE),
(12381, 4148, 7131, 0.18, 0.00, FALSE, TRUE),
(12382, 4148, 7140, 0.006, 0.00, FALSE, TRUE),
(12383, 4149, 7150, 1, 0.00, FALSE, TRUE),
(12384, 4149, 7146, 0.08, 0.00, FALSE, TRUE),
(12385, 4149, 7134, 0.01, 0.00, FALSE, TRUE),
(12386, 4150, 7127, 4, 0.00, FALSE, TRUE),
(12387, 4150, 7147, 0.05, 0.00, FALSE, TRUE),
(12388, 4150, 7130, 2, 0.00, FALSE, TRUE),
(12389, 4151, 7127, 2, 0.00, FALSE, TRUE),
(12390, 4151, 7133, 0.02, 0.00, FALSE, TRUE),
(12391, 4152, 7127, 2, 0.00, FALSE, TRUE),
(12392, 4152, 7133, 0.018, 0.00, FALSE, TRUE),
(12393, 4153, 7127, 2, 0.00, FALSE, TRUE),
(12394, 4153, 7135, 0.04, 0.00, FALSE, TRUE),
(12395, 4153, 7133, 0.015, 0.00, FALSE, TRUE),
(12396, 4154, 7127, 2, 0.00, FALSE, TRUE),
(12397, 4154, 7128, 0.06, 0.00, FALSE, TRUE),
(12398, 4155, 7144, 0.18, 0.00, FALSE, TRUE),
(12399, 4156, 7137, 0.17, 0.00, FALSE, TRUE),
(12400, 4157, 7173, 1, 0.00, FALSE, TRUE),
(12401, 4157, 7169, 0.12, 0.00, FALSE, TRUE),
(12402, 4157, 7174, 0.08, 0.00, FALSE, TRUE),
(12403, 4158, 7173, 1, 0.00, FALSE, TRUE),
(12404, 4158, 7169, 0.12, 0.00, FALSE, TRUE),
(12405, 4158, 7174, 0.08, 0.00, FALSE, TRUE),
(12406, 4158, 7175, 0.09, 0.00, FALSE, TRUE),
(12407, 4159, 7173, 1, 0.00, FALSE, TRUE),
(12408, 4159, 7169, 0.12, 0.00, FALSE, TRUE),
(12409, 4159, 7174, 0.08, 0.00, FALSE, TRUE),
(12410, 4159, 7171, 0.09, 0.00, FALSE, TRUE),
(12411, 4160, 7173, 1, 0.00, FALSE, TRUE),
(12412, 4160, 7169, 0.125, 0.00, FALSE, TRUE),
(12413, 4160, 7174, 0.08, 0.00, FALSE, TRUE),
(12414, 4160, 7182, 0.08, 0.00, FALSE, TRUE),
(12415, 4161, 7173, 1, 0.00, FALSE, TRUE),
(12416, 4161, 7169, 0.125, 0.00, FALSE, TRUE),
(12417, 4161, 7174, 0.08, 0.00, FALSE, TRUE),
(12418, 4161, 7175, 0.08, 0.00, FALSE, TRUE),
(12419, 4161, 7172, 0.008, 0.00, FALSE, TRUE),
(12420, 4162, 7173, 1, 0.00, FALSE, TRUE),
(12421, 4162, 7169, 0.125, 0.00, FALSE, TRUE),
(12422, 4162, 7174, 0.08, 0.00, FALSE, TRUE),
(12423, 4162, 7157, 0.09, 0.00, FALSE, TRUE),
(12424, 4163, 7170, 0.14, 0.00, FALSE, TRUE),
(12425, 4163, 7168, 0.08, 3, FALSE, TRUE),
(12426, 4163, 7180, 0.02, 0.00, FALSE, TRUE),
(12427, 4163, 7178, 0.015, 0.00, FALSE, TRUE),
(12428, 4164, 7170, 0.14, 0.00, FALSE, TRUE),
(12429, 4164, 7168, 0.08, 3, FALSE, TRUE),
(12430, 4164, 7180, 0.02, 0.00, FALSE, TRUE),
(12431, 4164, 7178, 0.025, 0.00, FALSE, TRUE),
(12432, 4165, 7151, 0.14, 0.00, FALSE, TRUE),
(12433, 4165, 7168, 0.08, 3, FALSE, TRUE),
(12434, 4165, 7180, 0.018, 0.00, FALSE, TRUE),
(12435, 4166, 7171, 0.15, 0.00, FALSE, TRUE),
(12436, 4166, 7175, 0.05, 3, FALSE, TRUE),
(12437, 4166, 7180, 0.015, 0.00, FALSE, TRUE),
(12438, 4166, 7178, 0.02, 0.00, FALSE, TRUE),
(12439, 4167, 7163, 0.14, 0.00, FALSE, TRUE),
(12440, 4167, 7180, 0.015, 0.00, FALSE, TRUE),
(12441, 4167, 7178, 0.02, 0.00, FALSE, TRUE),
(12442, 4168, 7151, 0.14, 0.00, FALSE, TRUE),
(12443, 4168, 7154, 0.10, 0.00, FALSE, TRUE),
(12444, 4168, 7168, 0.06, 3, FALSE, TRUE),
(12445, 4168, 7180, 0.018, 0.00, FALSE, TRUE),
(12446, 4169, 7152, 1, 0.00, FALSE, TRUE),
(12447, 4169, 7184, 1, 0.00, FALSE, TRUE),
(12448, 4169, 7164, 0.015, 0.00, FALSE, TRUE),
(12449, 4170, 7152, 1, 0.00, FALSE, TRUE),
(12450, 4170, 7184, 1, 0.00, FALSE, TRUE),
(12451, 4170, 7169, 0.03, 0.00, FALSE, TRUE),
(12452, 4170, 7164, 0.01, 0.00, FALSE, TRUE),
(12453, 4171, 7161, 0.18, 0.00, FALSE, TRUE),
(12454, 4172, 7161, 0.18, 0.00, FALSE, TRUE),
(12455, 4172, 7172, 0.006, 0.00, FALSE, TRUE),
(12456, 4173, 7185, 1, 0.00, FALSE, TRUE),
(12457, 4173, 7171, 0.10, 0.00, FALSE, TRUE),
(12458, 4173, 7177, 0.05, 0.00, FALSE, TRUE),
(12459, 4173, 7164, 0.012, 0.00, FALSE, TRUE),
(12460, 4174, 7152, 1, 0.00, FALSE, TRUE),
(12461, 4174, 7156, 1, 0.00, FALSE, TRUE),
(12462, 4174, 7164, 0.012, 0.00, FALSE, TRUE),
(12463, 4175, 7181, 2, 0.00, FALSE, TRUE),
(12464, 4175, 7168, 0.08, 0.00, FALSE, TRUE),
(12465, 4176, 7183, 6, 0.00, FALSE, TRUE),
(12466, 4177, 7153, 6, 0.00, FALSE, TRUE),
(12467, 4178, 7176, 0.18, 0.00, FALSE, TRUE),
(12468, 4179, 7155, 6, 0.00, FALSE, TRUE),
(12469, 4180, 7171, 0.12, 0.00, FALSE, TRUE),
(12470, 4180, 7181, 2, 0.00, FALSE, TRUE),
(12471, 4181, 7165, 0.22, 0.00, FALSE, TRUE),
(12472, 4181, 7159, 0.02, 0.00, FALSE, TRUE),
(12473, 4182, 7162, 0.04, 0.00, FALSE, TRUE),
(12474, 4182, 7167, 0.01, 0.00, FALSE, TRUE),
(12475, 4183, 7162, 0.04, 0.00, FALSE, TRUE),
(12476, 4183, 7179, 1, 0.00, FALSE, TRUE),
(12477, 4184, 7165, 0.22, 0.00, FALSE, TRUE),
(12478, 4184, 7158, 0.03, 0.00, FALSE, TRUE),
(12479, 4185, 7165, 0.22, 0.00, FALSE, TRUE),
(12480, 4185, 7160, 0.03, 0.00, FALSE, TRUE),
(12481, 4186, 7166, 1, 0.00, FALSE, TRUE),
(12482, 4187, 7206, 1, 0.00, FALSE, TRUE),
(12483, 4187, 7199, 0.08, 0.00, FALSE, TRUE),
(12484, 4187, 7207, 0.012, 0.00, FALSE, TRUE),
(12485, 4188, 7206, 1, 0.00, FALSE, TRUE),
(12486, 4188, 7200, 0.10, 0.00, FALSE, TRUE),
(12487, 4188, 7199, 0.06, 0.00, FALSE, TRUE),
(12488, 4188, 7207, 0.012, 0.00, FALSE, TRUE),
(12489, 4189, 7206, 1, 0.00, FALSE, TRUE),
(12490, 4189, 7200, 0.15, 0.00, FALSE, TRUE),
(12491, 4189, 7199, 0.06, 0.00, FALSE, TRUE),
(12492, 4189, 7207, 0.012, 0.00, FALSE, TRUE),
(12493, 4190, 7206, 1, 0.00, FALSE, TRUE),
(12494, 4190, 7200, 0.10, 0.00, FALSE, TRUE),
(12495, 4190, 7188, 1, 0.00, FALSE, TRUE),
(12496, 4190, 7207, 0.012, 0.00, FALSE, TRUE),
(12497, 4191, 7206, 1, 0.00, FALSE, TRUE),
(12498, 4191, 7189, 0.12, 0.00, FALSE, TRUE),
(12499, 4191, 7199, 0.06, 0.00, FALSE, TRUE),
(12500, 4191, 7207, 0.012, 0.00, FALSE, TRUE),
(12501, 4192, 7206, 1, 0.00, FALSE, TRUE),
(12502, 4192, 7192, 1, 0.00, FALSE, TRUE),
(12503, 4192, 7207, 0.01, 0.00, FALSE, TRUE),
(12504, 4193, 7187, 1, 0.00, FALSE, TRUE),
(12505, 4193, 7211, 1, 0.00, FALSE, TRUE),
(12506, 4193, 7195, 0.015, 0.00, FALSE, TRUE),
(12507, 4194, 7187, 1, 0.00, FALSE, TRUE),
(12508, 4194, 7211, 1, 0.00, FALSE, TRUE),
(12509, 4194, 7188, 1, 0.00, FALSE, TRUE),
(12510, 4194, 7195, 0.01, 0.00, FALSE, TRUE),
(12511, 4195, 7193, 0.18, 0.00, FALSE, TRUE),
(12512, 4196, 7193, 0.18, 0.00, FALSE, TRUE),
(12513, 4196, 7202, 0.006, 0.00, FALSE, TRUE),
(12514, 4197, 7212, 1, 0.00, FALSE, TRUE),
(12515, 4197, 7200, 0.10, 0.00, FALSE, TRUE),
(12516, 4197, 7199, 0.05, 0.00, FALSE, TRUE),
(12517, 4197, 7207, 0.012, 0.00, FALSE, TRUE),
(12518, 4198, 7187, 1, 0.00, FALSE, TRUE),
(12519, 4198, 7190, 1, 0.00, FALSE, TRUE),
(12520, 4198, 7195, 0.012, 0.00, FALSE, TRUE),
(12521, 4199, 7203, 1, 0.00, FALSE, TRUE),
(12522, 4199, 7197, 0.12, 0.00, FALSE, TRUE),
(12523, 4199, 7204, 0.08, 0.00, FALSE, TRUE),
(12524, 4200, 7203, 1, 0.00, FALSE, TRUE),
(12525, 4200, 7197, 0.12, 0.00, FALSE, TRUE),
(12526, 4200, 7204, 0.08, 0.00, FALSE, TRUE),
(12527, 4200, 7205, 0.09, 0.00, FALSE, TRUE),
(12528, 4201, 7203, 1, 0.00, FALSE, TRUE),
(12529, 4201, 7197, 0.12, 0.00, FALSE, TRUE),
(12530, 4201, 7204, 0.08, 0.00, FALSE, TRUE),
(12531, 4201, 7201, 0.09, 0.00, FALSE, TRUE),
(12532, 4202, 7203, 1, 0.00, FALSE, TRUE),
(12533, 4202, 7197, 0.125, 0.00, FALSE, TRUE),
(12534, 4202, 7204, 0.08, 0.00, FALSE, TRUE),
(12535, 4202, 7210, 0.08, 0.00, FALSE, TRUE),
(12536, 4203, 7203, 1, 0.00, FALSE, TRUE),
(12537, 4203, 7197, 0.13, 0.00, FALSE, TRUE),
(12538, 4203, 7204, 0.085, 0.00, FALSE, TRUE),
(12539, 4203, 7205, 0.10, 0.00, FALSE, TRUE),
(12540, 4204, 7203, 1, 0.00, FALSE, TRUE),
(12541, 4204, 7197, 0.125, 0.00, FALSE, TRUE),
(12542, 4204, 7204, 0.08, 0.00, FALSE, TRUE),
(12543, 4204, 7191, 0.09, 0.00, FALSE, TRUE),
(12544, 4205, 7198, 0.14, 0.00, FALSE, TRUE),
(12545, 4205, 7196, 0.08, 3, FALSE, TRUE),
(12546, 4205, 7209, 0.02, 0.00, FALSE, TRUE),
(12547, 4205, 7208, 0.015, 0.00, FALSE, TRUE),
(12548, 4206, 7198, 0.14, 0.00, FALSE, TRUE),
(12549, 4206, 7196, 0.08, 3, FALSE, TRUE),
(12550, 4206, 7209, 0.02, 0.00, FALSE, TRUE),
(12551, 4206, 7208, 0.025, 0.00, FALSE, TRUE),
(12552, 4207, 7186, 0.14, 0.00, FALSE, TRUE),
(12553, 4207, 7196, 0.08, 3, FALSE, TRUE),
(12554, 4207, 7209, 0.018, 0.00, FALSE, TRUE),
(12555, 4208, 7200, 0.15, 0.00, FALSE, TRUE),
(12556, 4208, 7205, 0.05, 3, FALSE, TRUE),
(12557, 4208, 7209, 0.015, 0.00, FALSE, TRUE),
(12558, 4208, 7208, 0.02, 0.00, FALSE, TRUE),
(12559, 4209, 7194, 0.14, 0.00, FALSE, TRUE),
(12560, 4209, 7209, 0.015, 0.00, FALSE, TRUE),
(12561, 4209, 7208, 0.02, 0.00, FALSE, TRUE),
(12562, 4210, 7186, 0.14, 0.00, FALSE, TRUE),
(12563, 4210, 7189, 0.10, 0.00, FALSE, TRUE),
(12564, 4210, 7196, 0.06, 3, FALSE, TRUE),
(12565, 4210, 7209, 0.018, 0.00, FALSE, TRUE),
(12566, 4211, 7226, 1, 0.00, FALSE, TRUE),
(12567, 4212, 7240, 1, 0.00, FALSE, TRUE),
(12568, 4213, 7216, 1, 0.00, FALSE, TRUE),
(12569, 4214, 7235, 0.12, 0.00, FALSE, TRUE),
(12570, 4214, 7243, 0.005, 0.00, FALSE, TRUE),
(12571, 4215, 7239, 0.12, 0.00, FALSE, TRUE),
(12572, 4216, 7221, 4, 0.00, FALSE, TRUE),
(12573, 4217, 7240, 1, 0.00, FALSE, TRUE),
(12574, 4217, 7220, 0.06, 0.00, FALSE, TRUE),
(12575, 4217, 7245, 0.02, 0.00, FALSE, TRUE),
(12576, 4217, 7243, 0.01, 0.00, FALSE, TRUE),
(12577, 4218, 7233, 12, 0.00, FALSE, TRUE),
(12578, 4218, 7220, 0.06, 0.00, FALSE, TRUE),
(12579, 4218, 7245, 0.02, 0.00, FALSE, TRUE),
(12580, 4218, 7243, 0.01, 0.00, FALSE, TRUE),
(12581, 4219, 7236, 6, 0.00, FALSE, TRUE),
(12582, 4219, 7220, 0.06, 0.00, FALSE, TRUE),
(12583, 4219, 7245, 0.02, 0.00, FALSE, TRUE),
(12584, 4219, 7243, 0.01, 0.00, FALSE, TRUE),
(12585, 4220, 7233, 10, 0.00, FALSE, TRUE),
(12586, 4220, 7243, 0.015, 0.00, FALSE, TRUE),
(12587, 4220, 7245, 0.02, 0.00, FALSE, TRUE),
(12588, 4220, 7223, 0.01, 0.00, FALSE, TRUE),
(12589, 4221, 7236, 6, 0.00, FALSE, TRUE),
(12590, 4221, 7243, 0.015, 0.00, FALSE, TRUE),
(12591, 4221, 7245, 0.02, 0.00, FALSE, TRUE),
(12592, 4221, 7220, 0.04, 0.00, FALSE, TRUE),
(12593, 4222, 7213, 2, 0.00, FALSE, TRUE),
(12594, 4222, 7220, 0.06, 0.00, FALSE, TRUE),
(12595, 4222, 7245, 0.02, 0.00, FALSE, TRUE),
(12596, 4222, 7243, 0.01, 0.00, FALSE, TRUE),
(12597, 4223, 7224, 2, 0.00, FALSE, TRUE),
(12598, 4224, 7237, 2, 0.00, FALSE, TRUE),
(12599, 4225, 7238, 2, 0.00, FALSE, TRUE),
(12600, 4226, 7227, 4, 0.00, FALSE, TRUE),
(12601, 4227, 7229, 3, 0.00, FALSE, TRUE),
(12602, 4228, 7225, 0.12, 0.00, FALSE, TRUE),
(12603, 4229, 7231, 0.14, 0.00, FALSE, TRUE),
(12604, 4229, 7230, 0.08, 3, FALSE, TRUE),
(12605, 4229, 7244, 0.02, 0.00, FALSE, TRUE),
(12606, 4229, 7242, 0.015, 0.00, FALSE, TRUE),
(12607, 4230, 7231, 0.14, 0.00, FALSE, TRUE),
(12608, 4230, 7230, 0.08, 3, FALSE, TRUE),
(12609, 4230, 7244, 0.02, 0.00, FALSE, TRUE),
(12610, 4230, 7242, 0.025, 0.00, FALSE, TRUE),
(12611, 4231, 7214, 0.14, 0.00, FALSE, TRUE),
(12612, 4231, 7230, 0.08, 3, FALSE, TRUE),
(12613, 4231, 7244, 0.018, 0.00, FALSE, TRUE),
(12614, 4232, 7232, 0.15, 0.00, FALSE, TRUE),
(12615, 4232, 7218, 0.05, 3, FALSE, TRUE),
(12616, 4232, 7244, 0.015, 0.00, FALSE, TRUE),
(12617, 4232, 7242, 0.02, 0.00, FALSE, TRUE),
(12618, 4233, 7228, 0.14, 0.00, FALSE, TRUE),
(12619, 4233, 7244, 0.015, 0.00, FALSE, TRUE),
(12620, 4233, 7242, 0.02, 0.00, FALSE, TRUE),
(12621, 4234, 7231, 0.14, 0.00, FALSE, TRUE),
(12622, 4234, 7230, 0.08, 3, FALSE, TRUE),
(12623, 4234, 7244, 0.02, 0.00, FALSE, TRUE),
(12624, 4234, 7242, 0.015, 0.00, FALSE, TRUE),
(12625, 4235, 7217, 1, 0.00, FALSE, TRUE),
(12626, 4235, 7246, 1, 0.00, FALSE, TRUE),
(12627, 4235, 7241, 0.03, 0.00, FALSE, TRUE),
(12628, 4236, 7217, 1, 0.00, FALSE, TRUE),
(12629, 4236, 7246, 1, 0.00, FALSE, TRUE),
(12630, 4236, 7219, 1, 0.00, FALSE, TRUE),
(12631, 4236, 7241, 0.02, 0.00, FALSE, TRUE),
(12632, 4237, 7222, 0.18, 0.00, FALSE, TRUE),
(12633, 4238, 7222, 0.18, 0.00, FALSE, TRUE),
(12634, 4238, 7234, 0.006, 0.00, FALSE, TRUE),
(12635, 4239, 7215, 4, 0.00, FALSE, TRUE),
(12636, 4239, 7241, 0.08, 0.00, FALSE, TRUE),
(12637, 4240, 7215, 4, 0.00, FALSE, TRUE),
(12638, 4240, 7241, 0.09, 0.00, FALSE, TRUE),
(12639, 4240, 7219, 1, 0.00, FALSE, TRUE),
(12640, 4241, 7267, 0.10, 0.00, FALSE, TRUE),
(12641, 4242, 7251, 0.10, 0.00, FALSE, TRUE),
(12642, 4243, 7266, 0.10, 0.00, FALSE, TRUE),
(12643, 4244, 7249, 0.10, 0.00, FALSE, TRUE),
(12644, 4245, 7247, 0.10, 0.00, FALSE, TRUE),
(12645, 4246, 7267, 0.10, 0.00, FALSE, TRUE),
(12646, 4246, 7252, 0.025, 0.00, FALSE, TRUE),
(12647, 4247, 7260, 0.22, 0.00, FALSE, TRUE),
(12648, 4247, 7251, 0.09, 0.00, FALSE, TRUE),
(12649, 4247, 7252, 0.02, 0.00, FALSE, TRUE),
(12650, 4248, 7260, 0.22, 0.00, FALSE, TRUE),
(12651, 4248, 7267, 0.09, 0.00, FALSE, TRUE),
(12652, 4249, 7260, 0.22, 0.00, FALSE, TRUE),
(12653, 4249, 7266, 0.09, 0.00, FALSE, TRUE),
(12654, 4250, 7260, 0.22, 0.00, FALSE, TRUE),
(12655, 4250, 7267, 0.08, 0.00, FALSE, TRUE),
(12656, 4250, 7255, 0.03, 0.00, FALSE, TRUE),
(12657, 4251, 7260, 0.22, 0.00, FALSE, TRUE),
(12658, 4251, 7249, 0.09, 0.00, FALSE, TRUE),
(12659, 4252, 7260, 0.22, 0.00, FALSE, TRUE),
(12660, 4252, 7267, 0.08, 0.00, FALSE, TRUE),
(12661, 4252, 7253, 1, 0.00, FALSE, TRUE),
(12662, 4253, 7260, 0.22, 0.00, FALSE, TRUE),
(12663, 4253, 7254, 0.02, 0.00, FALSE, TRUE),
(12664, 4254, 7256, 0.04, 0.00, FALSE, TRUE),
(12665, 4254, 7265, 1, 0.00, FALSE, TRUE),
(12666, 4255, 7256, 0.04, 0.00, FALSE, TRUE),
(12667, 4255, 7262, 0.012, 0.00, FALSE, TRUE),
(12668, 4256, 7260, 0.22, 0.00, FALSE, TRUE),
(12669, 4256, 7252, 0.03, 0.00, FALSE, TRUE),
(12670, 4257, 7260, 0.22, 0.00, FALSE, TRUE),
(12671, 4257, 7259, 0.08, 0.00, FALSE, TRUE),
(12672, 4258, 7261, 1, 0.00, FALSE, TRUE),
(12673, 4259, 7258, 1, 0.00, FALSE, TRUE),
(12674, 4259, 7257, 0.01, 0.00, FALSE, TRUE),
(12675, 4260, 7258, 1, 0.00, FALSE, TRUE),
(12676, 4260, 7257, 0.01, 0.00, FALSE, TRUE),
(12677, 4261, 7258, 1, 0.00, FALSE, TRUE),
(12678, 4261, 7257, 0.01, 0.00, FALSE, TRUE),
(12679, 4261, 7263, 0.05, 0.00, FALSE, TRUE),
(12680, 4262, 7258, 1, 0.00, FALSE, TRUE),
(12681, 4262, 7257, 0.01, 0.00, FALSE, TRUE),
(12682, 4262, 7250, 1, 0.00, FALSE, TRUE),
(12683, 4263, 7258, 1, 0.00, FALSE, TRUE),
(12684, 4263, 7257, 0.01, 0.00, FALSE, TRUE),
(12685, 4263, 7248, 0.015, 0.00, FALSE, TRUE),
(12686, 4264, 7258, 1, 0.00, FALSE, TRUE),
(12687, 4264, 7257, 0.01, 0.00, FALSE, TRUE),
(12688, 4264, 7264, 0.06, 0.00, FALSE, TRUE),
(12689, 4265, 7283, 0.01, 0.00, FALSE, TRUE),
(12690, 4265, 7278, 0.10, 0.00, FALSE, TRUE),
(12691, 4266, 7283, 0.01, 0.00, FALSE, TRUE),
(12692, 4266, 7278, 0.09, 0.00, FALSE, TRUE),
(12693, 4266, 7274, 0.01, 0.00, FALSE, TRUE),
(12694, 4267, 7283, 0.01, 0.00, FALSE, TRUE),
(12695, 4267, 7278, 0.09, 0.00, FALSE, TRUE),
(12696, 4267, 7273, 0.001, 0.00, FALSE, TRUE),
(12697, 4268, 7283, 0.008, 0.00, FALSE, TRUE),
(12698, 4268, 7276, 0.03, 0.00, FALSE, TRUE),
(12699, 4269, 7283, 0.01, 0.00, FALSE, TRUE),
(12700, 4270, 7275, 1, 0.00, FALSE, TRUE),
(12701, 4271, 7278, 0.22, 0.00, FALSE, TRUE),
(12702, 4271, 7271, 0.02, 0.00, FALSE, TRUE),
(12703, 4272, 7276, 0.04, 0.00, FALSE, TRUE),
(12704, 4272, 7282, 1, 0.00, FALSE, TRUE),
(12705, 4273, 7277, 0.02, 0.00, FALSE, TRUE),
(12706, 4273, 7276, 0.02, 0.00, FALSE, TRUE),
(12707, 4274, 7280, 0.02, 0.00, FALSE, TRUE),
(12708, 4275, 7279, 1, 0.00, FALSE, TRUE),
(12709, 4276, 7278, 0.22, 0.00, FALSE, TRUE),
(12710, 4276, 7271, 0.02, 0.00, FALSE, TRUE),
(12711, 4277, 7268, 4, 0.00, FALSE, TRUE),
(12712, 4277, 7281, 0.08, 0.00, FALSE, TRUE),
(12713, 4278, 7268, 4, 0.00, FALSE, TRUE),
(12714, 4278, 7281, 0.09, 0.00, FALSE, TRUE),
(12715, 4278, 7270, 1, 0.00, FALSE, TRUE),
(12716, 4279, 7268, 4, 0.00, FALSE, TRUE),
(12717, 4279, 7281, 0.06, 0.00, FALSE, TRUE),
(12718, 4279, 7270, 2, 0.00, FALSE, TRUE),
(12719, 4280, 7269, 1, 0.00, FALSE, TRUE),
(12720, 4281, 7284, 1, 0.00, FALSE, TRUE),
(12721, 4282, 7272, 1, 0.00, FALSE, TRUE);

INSERT INTO stock_movements
(id, vendor_id, inventory_item_id, movement_type, reference_type, reference_id, quantity_delta, quantity_before, quantity_after, unit_cost, reason, details_json, created_by_user_id, event_time)
VALUES
(15001, 101, 7001, 'IN', 'OPENING_BALANCE', NULL, 34.50, 0.00, 34.50, 82.00, 'Initial stock seed', '{"seed":"opening_balance"}', NULL, '2026-04-10 08:00:00.000'),
(15002, 101, 7002, 'IN', 'OPENING_BALANCE', NULL, 9.20, 0.00, 9.20, 70.00, 'Initial stock seed', '{"seed":"opening_balance"}', NULL, '2026-04-10 08:00:00.000'),
(15003, 101, 7003, 'IN', 'OPENING_BALANCE', NULL, 11.50, 0.00, 11.50, 95.00, 'Initial stock seed', '{"seed":"opening_balance"}', NULL, '2026-04-10 08:00:00.000'),
(15004, 101, 7004, 'IN', 'OPENING_BALANCE', NULL, 23.00, 0.00, 23.00, 135.00, 'Initial stock seed', '{"seed":"opening_balance"}', NULL, '2026-04-10 08:00:00.000'),
(15005, 101, 7005, 'IN', 'OPENING_BALANCE', NULL, 16.10, 0.00, 16.10, 68.00, 'Initial stock seed', '{"seed":"opening_balance"}', NULL, '2026-04-10 08:00:00.000'),
(15006, 101, 7006, 'IN', 'OPENING_BALANCE', NULL, 6.90, 0.00, 6.90, 180.00, 'Initial stock seed', '{"seed":"opening_balance"}', NULL, '2026-04-10 08:00:00.000'),
(15007, 101, 7007, 'IN', 'OPENING_BALANCE', NULL, 18.40, 0.00, 18.40, 72.00, 'Initial stock seed', '{"seed":"opening_balance"}', NULL, '2026-04-10 08:00:00.000'),
(15008, 101, 7008, 'IN', 'OPENING_BALANCE', NULL, 13.80, 0.00, 13.80, 95.00, 'Initial stock seed', '{"seed":"opening_balance"}', NULL, '2026-04-10 08:00:00.000'),
(15009, 101, 7009, 'IN', 'OPENING_BALANCE', NULL, 20.70, 0.00, 20.70, 28.00, 'Initial stock seed', '{"seed":"opening_balance"}', NULL, '2026-04-10 08:00:00.000'),
(15010, 101, 7010, 'IN', 'OPENING_BALANCE', NULL, 13.80, 0.00, 13.80, 260.00, 'Initial stock seed', '{"seed":"opening_balance"}', NULL, '2026-04-10 08:00:00.000'),
(15011, 101, 7011, 'IN', 'OPENING_BALANCE', NULL, 34.50, 0.00, 34.50, 24.00, 'Initial stock seed', '{"seed":"opening_balance"}', NULL, '2026-04-10 08:00:00.000'),
(15012, 101, 7012, 'IN', 'OPENING_BALANCE', NULL, 9.20, 0.00, 9.20, 115.00, 'Initial stock seed', '{"seed":"opening_balance"}', NULL, '2026-04-10 08:00:00.000'),
(15013, 101, 7013, 'IN', 'OPENING_BALANCE', NULL, 6.90, 0.00, 6.90, 140.00, 'Initial stock seed', '{"seed":"opening_balance"}', NULL, '2026-04-10 08:00:00.000'),
(15014, 101, 7014, 'IN', 'OPENING_BALANCE', NULL, 5.75, 0.00, 5.75, 90.00, 'Initial stock seed', '{"seed":"opening_balance"}', NULL, '2026-04-10 08:00:00.000'),
(15015, 101, 7015, 'IN', 'OPENING_BALANCE', NULL, 23.00, 0.00, 23.00, 32.00, 'Initial stock seed', '{"seed":"opening_balance"}', NULL, '2026-04-10 08:00:00.000'),
(15016, 101, 7016, 'IN', 'OPENING_BALANCE', NULL, 11.50, 0.00, 11.50, 125.00, 'Initial stock seed', '{"seed":"opening_balance"}', NULL, '2026-04-10 08:00:00.000'),
(15017, 101, 7017, 'IN', 'OPENING_BALANCE', NULL, 28.75, 0.00, 28.75, 42.00, 'Initial stock seed', '{"seed":"opening_balance"}', NULL, '2026-04-10 08:00:00.000'),
(15018, 102, 7018, 'IN', 'OPENING_BALANCE', NULL, 44, 0, 44, 24.00, 'Initial stock seed', '{"seed":"opening_balance"}', NULL, '2026-04-10 08:00:00.000'),
(15019, 102, 7019, 'IN', 'OPENING_BALANCE', NULL, 66, 0, 66, 9.00, 'Initial stock seed', '{"seed":"opening_balance"}', NULL, '2026-04-10 08:00:00.000'),
(15020, 102, 7020, 'IN', 'OPENING_BALANCE', NULL, 26, 0, 26, 52.00, 'Initial stock seed', '{"seed":"opening_balance"}', NULL, '2026-04-10 08:00:00.000'),
(15021, 102, 7021, 'IN', 'OPENING_BALANCE', NULL, 38, 0, 38, 32.00, 'Initial stock seed', '{"seed":"opening_balance"}', NULL, '2026-04-10 08:00:00.000'),
(15022, 102, 7022, 'IN', 'OPENING_BALANCE', NULL, 6.60, 0.00, 6.60, 300.00, 'Initial stock seed', '{"seed":"opening_balance"}', NULL, '2026-04-10 08:00:00.000'),
(15023, 102, 7023, 'IN', 'OPENING_BALANCE', NULL, 7.70, 0.00, 7.70, 290.00, 'Initial stock seed', '{"seed":"opening_balance"}', NULL, '2026-04-10 08:00:00.000'),
(15024, 102, 7024, 'IN', 'OPENING_BALANCE', NULL, 6.60, 0.00, 6.60, 320.00, 'Initial stock seed', '{"seed":"opening_balance"}', NULL, '2026-04-10 08:00:00.000'),
(15025, 102, 7025, 'IN', 'OPENING_BALANCE', NULL, 8.80, 0.00, 8.80, 280.00, 'Initial stock seed', '{"seed":"opening_balance"}', NULL, '2026-04-10 08:00:00.000'),
(15026, 102, 7026, 'IN', 'OPENING_BALANCE', NULL, 11.00, 0.00, 11.00, 210.00, 'Initial stock seed', '{"seed":"opening_balance"}', NULL, '2026-04-10 08:00:00.000'),
(15027, 102, 7027, 'IN', 'OPENING_BALANCE', NULL, 6.60, 0.00, 6.60, 180.00, 'Initial stock seed', '{"seed":"opening_balance"}', NULL, '2026-04-10 08:00:00.000'),
(15028, 102, 7028, 'IN', 'OPENING_BALANCE', NULL, 44, 0, 44, 22.00, 'Initial stock seed', '{"seed":"opening_balance"}', NULL, '2026-04-10 08:00:00.000'),
(15029, 102, 7029, 'IN', 'OPENING_BALANCE', NULL, 4.40, 0.00, 4.40, 180.00, 'Initial stock seed', '{"seed":"opening_balance"}', NULL, '2026-04-10 08:00:00.000'),
(15030, 102, 7030, 'IN', 'OPENING_BALANCE', NULL, 33, 0, 33, 38.00, 'Initial stock seed', '{"seed":"opening_balance"}', NULL, '2026-04-10 08:00:00.000'),
(15031, 102, 7031, 'IN', 'OPENING_BALANCE', NULL, 6.60, 0.00, 6.60, 140.00, 'Initial stock seed', '{"seed":"opening_balance"}', NULL, '2026-04-10 08:00:00.000'),
(15032, 102, 7032, 'IN', 'OPENING_BALANCE', NULL, 13.20, 0.00, 13.20, 340.00, 'Initial stock seed', '{"seed":"opening_balance"}', NULL, '2026-04-10 08:00:00.000'),
(15033, 102, 7033, 'IN', 'OPENING_BALANCE', NULL, 6.60, 0.00, 6.60, 290.00, 'Initial stock seed', '{"seed":"opening_balance"}', NULL, '2026-04-10 08:00:00.000'),
(15034, 102, 7034, 'IN', 'OPENING_BALANCE', NULL, 11.00, 0.00, 11.00, 105.00, 'Initial stock seed', '{"seed":"opening_balance"}', NULL, '2026-04-10 08:00:00.000'),
(15035, 102, 7035, 'IN', 'OPENING_BALANCE', NULL, 3.30, 0.00, 3.30, 260.00, 'Initial stock seed', '{"seed":"opening_balance"}', NULL, '2026-04-10 08:00:00.000'),
(15036, 102, 7036, 'IN', 'OPENING_BALANCE', NULL, 88, 0, 88, 18.00, 'Initial stock seed', '{"seed":"opening_balance"}', NULL, '2026-04-10 08:00:00.000'),
(15037, 102, 7037, 'IN', 'OPENING_BALANCE', NULL, 11.00, 0.00, 11.00, 120.00, 'Initial stock seed', '{"seed":"opening_balance"}', NULL, '2026-04-10 08:00:00.000'),
(15038, 102, 7038, 'IN', 'OPENING_BALANCE', NULL, 11.00, 0.00, 11.00, 130.00, 'Initial stock seed', '{"seed":"opening_balance"}', NULL, '2026-04-10 08:00:00.000'),
(15039, 102, 7039, 'IN', 'OPENING_BALANCE', NULL, 8.80, 0.00, 8.80, 130.00, 'Initial stock seed', '{"seed":"opening_balance"}', NULL, '2026-04-10 08:00:00.000'),
(15040, 102, 7040, 'IN', 'OPENING_BALANCE', NULL, 8.80, 0.00, 8.80, 95.00, 'Initial stock seed', '{"seed":"opening_balance"}', NULL, '2026-04-10 08:00:00.000'),
(15041, 102, 7041, 'IN', 'OPENING_BALANCE', NULL, 11.00, 0.00, 11.00, 190.00, 'Initial stock seed', '{"seed":"opening_balance"}', NULL, '2026-04-10 08:00:00.000'),
(15042, 102, 7042, 'IN', 'OPENING_BALANCE', NULL, 8.80, 0.00, 8.80, 160.00, 'Initial stock seed', '{"seed":"opening_balance"}', NULL, '2026-04-10 08:00:00.000'),
(15043, 103, 7043, 'IN', 'OPENING_BALANCE', NULL, 31.50, 0.00, 31.50, 82.00, 'Initial stock seed', '{"seed":"opening_balance"}', NULL, '2026-04-10 08:00:00.000'),
(15044, 103, 7044, 'IN', 'OPENING_BALANCE', NULL, 32, 0, 32, 28.00, 'Initial stock seed', '{"seed":"opening_balance"}', NULL, '2026-04-10 08:00:00.000'),
(15045, 103, 7045, 'IN', 'OPENING_BALANCE', NULL, 8.40, 0.00, 8.40, 96.00, 'Initial stock seed', '{"seed":"opening_balance"}', NULL, '2026-04-10 08:00:00.000'),
(15046, 103, 7046, 'IN', 'OPENING_BALANCE', NULL, 8.40, 0.00, 8.40, 70.00, 'Initial stock seed', '{"seed":"opening_balance"}', NULL, '2026-04-10 08:00:00.000'),
(15047, 103, 7047, 'IN', 'OPENING_BALANCE', NULL, 18.90, 0.00, 18.90, 260.00, 'Initial stock seed', '{"seed":"opening_balance"}', NULL, '2026-04-10 08:00:00.000'),
(15048, 103, 7048, 'IN', 'OPENING_BALANCE', NULL, 4.20, 0.00, 4.20, 320.00, 'Initial stock seed', '{"seed":"opening_balance"}', NULL, '2026-04-10 08:00:00.000'),
(15049, 103, 7049, 'IN', 'OPENING_BALANCE', NULL, 14.70, 0.00, 14.70, 68.00, 'Initial stock seed', '{"seed":"opening_balance"}', NULL, '2026-04-10 08:00:00.000'),
(15050, 103, 7050, 'IN', 'OPENING_BALANCE', NULL, 126, 0, 126, 6.50, 'Initial stock seed', '{"seed":"opening_balance"}', NULL, '2026-04-10 08:00:00.000'),
(15051, 103, 7051, 'IN', 'OPENING_BALANCE', NULL, 8.40, 0.00, 8.40, 75.00, 'Initial stock seed', '{"seed":"opening_balance"}', NULL, '2026-04-10 08:00:00.000'),
(15052, 103, 7052, 'IN', 'OPENING_BALANCE', NULL, 6.30, 0.00, 6.30, 180.00, 'Initial stock seed', '{"seed":"opening_balance"}', NULL, '2026-04-10 08:00:00.000'),
(15053, 103, 7053, 'IN', 'OPENING_BALANCE', NULL, 25.20, 0.00, 25.20, 58.00, 'Initial stock seed', '{"seed":"opening_balance"}', NULL, '2026-04-10 08:00:00.000'),
(15054, 103, 7054, 'IN', 'OPENING_BALANCE', NULL, 126, 0, 126, 9.00, 'Initial stock seed', '{"seed":"opening_balance"}', NULL, '2026-04-10 08:00:00.000'),
(15055, 103, 7055, 'IN', 'OPENING_BALANCE', NULL, 16.80, 0.00, 16.80, 72.00, 'Initial stock seed', '{"seed":"opening_balance"}', NULL, '2026-04-10 08:00:00.000'),
(15056, 103, 7056, 'IN', 'OPENING_BALANCE', NULL, 12.60, 0.00, 12.60, 95.00, 'Initial stock seed', '{"seed":"opening_balance"}', NULL, '2026-04-10 08:00:00.000'),
(15057, 103, 7057, 'IN', 'OPENING_BALANCE', NULL, 18.90, 0.00, 18.90, 28.00, 'Initial stock seed', '{"seed":"opening_balance"}', NULL, '2026-04-10 08:00:00.000'),
(15058, 103, 7058, 'IN', 'OPENING_BALANCE', NULL, 12.60, 0.00, 12.60, 260.00, 'Initial stock seed', '{"seed":"opening_balance"}', NULL, '2026-04-10 08:00:00.000'),
(15059, 103, 7059, 'IN', 'OPENING_BALANCE', NULL, 31.50, 0.00, 31.50, 24.00, 'Initial stock seed', '{"seed":"opening_balance"}', NULL, '2026-04-10 08:00:00.000'),
(15060, 103, 7060, 'IN', 'OPENING_BALANCE', NULL, 6.30, 0.00, 6.30, 220.00, 'Initial stock seed', '{"seed":"opening_balance"}', NULL, '2026-04-10 08:00:00.000'),
(15061, 103, 7061, 'IN', 'OPENING_BALANCE', NULL, 8.40, 0.00, 8.40, 95.00, 'Initial stock seed', '{"seed":"opening_balance"}', NULL, '2026-04-10 08:00:00.000'),
(15062, 103, 7062, 'IN', 'OPENING_BALANCE', NULL, 6.30, 0.00, 6.30, 140.00, 'Initial stock seed', '{"seed":"opening_balance"}', NULL, '2026-04-10 08:00:00.000'),
(15063, 103, 7063, 'IN', 'OPENING_BALANCE', NULL, 10.50, 0.00, 10.50, 110.00, 'Initial stock seed', '{"seed":"opening_balance"}', NULL, '2026-04-10 08:00:00.000'),
(15064, 103, 7064, 'IN', 'OPENING_BALANCE', NULL, 5.25, 0.00, 5.25, 90.00, 'Initial stock seed', '{"seed":"opening_balance"}', NULL, '2026-04-10 08:00:00.000'),
(15065, 103, 7065, 'IN', 'OPENING_BALANCE', NULL, 6.30, 0.00, 6.30, 85.00, 'Initial stock seed', '{"seed":"opening_balance"}', NULL, '2026-04-10 08:00:00.000'),
(15066, 103, 7066, 'IN', 'OPENING_BALANCE', NULL, 21.00, 0.00, 21.00, 32.00, 'Initial stock seed', '{"seed":"opening_balance"}', NULL, '2026-04-10 08:00:00.000'),
(15067, 103, 7067, 'IN', 'OPENING_BALANCE', NULL, 10.50, 0.00, 10.50, 125.00, 'Initial stock seed', '{"seed":"opening_balance"}', NULL, '2026-04-10 08:00:00.000'),
(15068, 104, 7068, 'IN', 'OPENING_BALANCE', NULL, 28.50, 0.00, 28.50, 82.00, 'Initial stock seed', '{"seed":"opening_balance"}', NULL, '2026-04-10 08:00:00.000'),
(15069, 104, 7069, 'IN', 'OPENING_BALANCE', NULL, 28, 0, 28, 28.00, 'Initial stock seed', '{"seed":"opening_balance"}', NULL, '2026-04-10 08:00:00.000'),
(15070, 104, 7070, 'IN', 'OPENING_BALANCE', NULL, 57, 0, 57, 9.00, 'Initial stock seed', '{"seed":"opening_balance"}', NULL, '2026-04-10 08:00:00.000'),
(15071, 104, 7071, 'IN', 'OPENING_BALANCE', NULL, 3.80, 0.00, 3.80, 320.00, 'Initial stock seed', '{"seed":"opening_balance"}', NULL, '2026-04-10 08:00:00.000'),
(15072, 104, 7072, 'IN', 'OPENING_BALANCE', NULL, 13.30, 0.00, 13.30, 68.00, 'Initial stock seed', '{"seed":"opening_balance"}', NULL, '2026-04-10 08:00:00.000'),
(15073, 104, 7073, 'IN', 'OPENING_BALANCE', NULL, 14.25, 0.00, 14.25, 110.00, 'Initial stock seed', '{"seed":"opening_balance"}', NULL, '2026-04-10 08:00:00.000'),
(15074, 104, 7074, 'IN', 'OPENING_BALANCE', NULL, 38, 0, 38, 22.00, 'Initial stock seed', '{"seed":"opening_balance"}', NULL, '2026-04-10 08:00:00.000'),
(15075, 104, 7075, 'IN', 'OPENING_BALANCE', NULL, 7.60, 0.00, 7.60, 75.00, 'Initial stock seed', '{"seed":"opening_balance"}', NULL, '2026-04-10 08:00:00.000'),
(15076, 104, 7076, 'IN', 'OPENING_BALANCE', NULL, 22.80, 0.00, 22.80, 58.00, 'Initial stock seed', '{"seed":"opening_balance"}', NULL, '2026-04-10 08:00:00.000'),
(15077, 104, 7077, 'IN', 'OPENING_BALANCE', NULL, 114, 0, 114, 9.00, 'Initial stock seed', '{"seed":"opening_balance"}', NULL, '2026-04-10 08:00:00.000'),
(15078, 104, 7078, 'IN', 'OPENING_BALANCE', NULL, 15.20, 0.00, 15.20, 72.00, 'Initial stock seed', '{"seed":"opening_balance"}', NULL, '2026-04-10 08:00:00.000'),
(15079, 104, 7079, 'IN', 'OPENING_BALANCE', NULL, 17.10, 0.00, 17.10, 28.00, 'Initial stock seed', '{"seed":"opening_balance"}', NULL, '2026-04-10 08:00:00.000'),
(15080, 104, 7080, 'IN', 'OPENING_BALANCE', NULL, 11.40, 0.00, 11.40, 260.00, 'Initial stock seed', '{"seed":"opening_balance"}', NULL, '2026-04-10 08:00:00.000'),
(15081, 104, 7081, 'IN', 'OPENING_BALANCE', NULL, 9.50, 0.00, 9.50, 105.00, 'Initial stock seed', '{"seed":"opening_balance"}', NULL, '2026-04-10 08:00:00.000'),
(15082, 104, 7082, 'IN', 'OPENING_BALANCE', NULL, 28.50, 0.00, 28.50, 24.00, 'Initial stock seed', '{"seed":"opening_balance"}', NULL, '2026-04-10 08:00:00.000'),
(15083, 104, 7083, 'IN', 'OPENING_BALANCE', NULL, 7.60, 0.00, 7.60, 130.00, 'Initial stock seed', '{"seed":"opening_balance"}', NULL, '2026-04-10 08:00:00.000'),
(15084, 104, 7084, 'IN', 'OPENING_BALANCE', NULL, 7.60, 0.00, 7.60, 95.00, 'Initial stock seed', '{"seed":"opening_balance"}', NULL, '2026-04-10 08:00:00.000'),
(15085, 104, 7085, 'IN', 'OPENING_BALANCE', NULL, 57, 0, 57, 18.00, 'Initial stock seed', '{"seed":"opening_balance"}', NULL, '2026-04-10 08:00:00.000'),
(15086, 104, 7086, 'IN', 'OPENING_BALANCE', NULL, 2.85, 0.00, 2.85, 420.00, 'Initial stock seed', '{"seed":"opening_balance"}', NULL, '2026-04-10 08:00:00.000'),
(15087, 104, 7087, 'IN', 'OPENING_BALANCE', NULL, 19.00, 0.00, 19.00, 32.00, 'Initial stock seed', '{"seed":"opening_balance"}', NULL, '2026-04-10 08:00:00.000'),
(15088, 104, 7088, 'IN', 'OPENING_BALANCE', NULL, 9.50, 0.00, 9.50, 125.00, 'Initial stock seed', '{"seed":"opening_balance"}', NULL, '2026-04-10 08:00:00.000'),
(15089, 104, 7089, 'IN', 'OPENING_BALANCE', NULL, 43, 0, 43, 18.00, 'Initial stock seed', '{"seed":"opening_balance"}', NULL, '2026-04-10 08:00:00.000'),
(15090, 104, 7090, 'IN', 'OPENING_BALANCE', NULL, 7.60, 0.00, 7.60, 160.00, 'Initial stock seed', '{"seed":"opening_balance"}', NULL, '2026-04-10 08:00:00.000'),
(15091, 105, 7091, 'IN', 'OPENING_BALANCE', NULL, 80, 0, 80, 9.00, 'Initial stock seed', '{"seed":"opening_balance"}', NULL, '2026-04-10 08:00:00.000'),
(15092, 105, 7092, 'IN', 'OPENING_BALANCE', NULL, 24, 0, 24, 32.00, 'Initial stock seed', '{"seed":"opening_balance"}', NULL, '2026-04-10 08:00:00.000'),
(15093, 105, 7093, 'IN', 'OPENING_BALANCE', NULL, 30, 0, 30, 28.00, 'Initial stock seed', '{"seed":"opening_balance"}', NULL, '2026-04-10 08:00:00.000'),
(15094, 105, 7094, 'IN', 'OPENING_BALANCE', NULL, 40, 0, 40, 24.00, 'Initial stock seed', '{"seed":"opening_balance"}', NULL, '2026-04-10 08:00:00.000'),
(15095, 105, 7095, 'IN', 'OPENING_BALANCE', NULL, 120, 0, 120, 7.00, 'Initial stock seed', '{"seed":"opening_balance"}', NULL, '2026-04-10 08:00:00.000'),
(15096, 105, 7096, 'IN', 'OPENING_BALANCE', NULL, 24, 0, 24, 30.00, 'Initial stock seed', '{"seed":"opening_balance"}', NULL, '2026-04-10 08:00:00.000'),
(15097, 105, 7097, 'IN', 'OPENING_BALANCE', NULL, 4.00, 0.00, 4.00, 320.00, 'Initial stock seed', '{"seed":"opening_balance"}', NULL, '2026-04-10 08:00:00.000'),
(15098, 105, 7098, 'IN', 'OPENING_BALANCE', NULL, 50, 0, 50, 18.00, 'Initial stock seed', '{"seed":"opening_balance"}', NULL, '2026-04-10 08:00:00.000'),
(15099, 105, 7099, 'IN', 'OPENING_BALANCE', NULL, 25, 0, 25, 18.00, 'Initial stock seed', '{"seed":"opening_balance"}', NULL, '2026-04-10 08:00:00.000'),
(15100, 105, 7100, 'IN', 'OPENING_BALANCE', NULL, 24, 0, 24, 22.00, 'Initial stock seed', '{"seed":"opening_balance"}', NULL, '2026-04-10 08:00:00.000'),
(15101, 105, 7101, 'IN', 'OPENING_BALANCE', NULL, 14.00, 0.00, 14.00, 68.00, 'Initial stock seed', '{"seed":"opening_balance"}', NULL, '2026-04-10 08:00:00.000'),
(15102, 105, 7102, 'IN', 'OPENING_BALANCE', NULL, 5.00, 0.00, 5.00, 90.00, 'Initial stock seed', '{"seed":"opening_balance"}', NULL, '2026-04-10 08:00:00.000'),
(15103, 105, 7103, 'IN', 'OPENING_BALANCE', NULL, 8.00, 0.00, 8.00, 120.00, 'Initial stock seed', '{"seed":"opening_balance"}', NULL, '2026-04-10 08:00:00.000'),
(15104, 105, 7104, 'IN', 'OPENING_BALANCE', NULL, 0.80, 0.00, 0.80, 1600.00, 'Initial stock seed', '{"seed":"opening_balance"}', NULL, '2026-04-10 08:00:00.000'),
(15105, 105, 7105, 'IN', 'OPENING_BALANCE', NULL, 3.00, 0.00, 3.00, 95.00, 'Initial stock seed', '{"seed":"opening_balance"}', NULL, '2026-04-10 08:00:00.000'),
(15106, 105, 7106, 'IN', 'OPENING_BALANCE', NULL, 4.00, 0.00, 4.00, 95.00, 'Initial stock seed', '{"seed":"opening_balance"}', NULL, '2026-04-10 08:00:00.000'),
(15107, 105, 7107, 'IN', 'OPENING_BALANCE', NULL, 80, 0, 80, 9.00, 'Initial stock seed', '{"seed":"opening_balance"}', NULL, '2026-04-10 08:00:00.000'),
(15108, 105, 7108, 'IN', 'OPENING_BALANCE', NULL, 40, 0, 40, 16.00, 'Initial stock seed', '{"seed":"opening_balance"}', NULL, '2026-04-10 08:00:00.000'),
(15109, 105, 7109, 'IN', 'OPENING_BALANCE', NULL, 8.00, 0.00, 8.00, 75.00, 'Initial stock seed', '{"seed":"opening_balance"}', NULL, '2026-04-10 08:00:00.000'),
(15110, 105, 7110, 'IN', 'OPENING_BALANCE', NULL, 3.00, 0.00, 3.00, 240.00, 'Initial stock seed', '{"seed":"opening_balance"}', NULL, '2026-04-10 08:00:00.000'),
(15111, 105, 7111, 'IN', 'OPENING_BALANCE', NULL, 80, 0, 80, 14.00, 'Initial stock seed', '{"seed":"opening_balance"}', NULL, '2026-04-10 08:00:00.000'),
(15112, 105, 7112, 'IN', 'OPENING_BALANCE', NULL, 24.00, 0.00, 24.00, 58.00, 'Initial stock seed', '{"seed":"opening_balance"}', NULL, '2026-04-10 08:00:00.000'),
(15113, 105, 7113, 'IN', 'OPENING_BALANCE', NULL, 120, 0, 120, 9.00, 'Initial stock seed', '{"seed":"opening_balance"}', NULL, '2026-04-10 08:00:00.000'),
(15114, 105, 7114, 'IN', 'OPENING_BALANCE', NULL, 30, 0, 30, 20.00, 'Initial stock seed', '{"seed":"opening_balance"}', NULL, '2026-04-10 08:00:00.000'),
(15115, 105, 7115, 'IN', 'OPENING_BALANCE', NULL, 30, 0, 30, 20.00, 'Initial stock seed', '{"seed":"opening_balance"}', NULL, '2026-04-10 08:00:00.000'),
(15116, 105, 7116, 'IN', 'OPENING_BALANCE', NULL, 250, 0, 250, 1.00, 'Initial stock seed', '{"seed":"opening_balance"}', NULL, '2026-04-10 08:00:00.000'),
(15117, 105, 7117, 'IN', 'OPENING_BALANCE', NULL, 300, 0, 300, 0.80, 'Initial stock seed', '{"seed":"opening_balance"}', NULL, '2026-04-10 08:00:00.000'),
(15118, 105, 7118, 'IN', 'OPENING_BALANCE', NULL, 40, 0, 40, 18.00, 'Initial stock seed', '{"seed":"opening_balance"}', NULL, '2026-04-10 08:00:00.000'),
(15119, 105, 7119, 'IN', 'OPENING_BALANCE', NULL, 120, 0, 120, 10.00, 'Initial stock seed', '{"seed":"opening_balance"}', NULL, '2026-04-10 08:00:00.000'),
(15120, 105, 7120, 'IN', 'OPENING_BALANCE', NULL, 8.00, 0.00, 8.00, 95.00, 'Initial stock seed', '{"seed":"opening_balance"}', NULL, '2026-04-10 08:00:00.000'),
(15121, 105, 7121, 'IN', 'OPENING_BALANCE', NULL, 4.00, 0.00, 4.00, 140.00, 'Initial stock seed', '{"seed":"opening_balance"}', NULL, '2026-04-10 08:00:00.000'),
(15122, 105, 7122, 'IN', 'OPENING_BALANCE', NULL, 60, 0, 60, 18.00, 'Initial stock seed', '{"seed":"opening_balance"}', NULL, '2026-04-10 08:00:00.000'),
(15123, 105, 7123, 'IN', 'OPENING_BALANCE', NULL, 5.00, 0.00, 5.00, 120.00, 'Initial stock seed', '{"seed":"opening_balance"}', NULL, '2026-04-10 08:00:00.000'),
(15124, 105, 7124, 'IN', 'OPENING_BALANCE', NULL, 28, 0, 28, 18.00, 'Initial stock seed', '{"seed":"opening_balance"}', NULL, '2026-04-10 08:00:00.000'),
(15125, 105, 7125, 'IN', 'OPENING_BALANCE', NULL, 3.00, 0.00, 3.00, 420.00, 'Initial stock seed', '{"seed":"opening_balance"}', NULL, '2026-04-10 08:00:00.000'),
(15126, 105, 7126, 'IN', 'OPENING_BALANCE', NULL, 35, 0, 35, 16.00, 'Initial stock seed', '{"seed":"opening_balance"}', NULL, '2026-04-10 08:00:00.000'),
(15127, 106, 7127, 'IN', 'OPENING_BALANCE', NULL, 28, 0, 28, 28.00, 'Initial stock seed', '{"seed":"opening_balance"}', NULL, '2026-04-10 08:00:00.000'),
(15128, 106, 7128, 'IN', 'OPENING_BALANCE', NULL, 4.75, 0.00, 4.75, 145.00, 'Initial stock seed', '{"seed":"opening_balance"}', NULL, '2026-04-10 08:00:00.000'),
(15129, 106, 7129, 'IN', 'OPENING_BALANCE', NULL, 57, 0, 57, 9.00, 'Initial stock seed', '{"seed":"opening_balance"}', NULL, '2026-04-10 08:00:00.000'),
(15130, 106, 7130, 'IN', 'OPENING_BALANCE', NULL, 114, 0, 114, 7.00, 'Initial stock seed', '{"seed":"opening_balance"}', NULL, '2026-04-10 08:00:00.000'),
(15131, 106, 7131, 'IN', 'OPENING_BALANCE', NULL, 14.25, 0.00, 14.25, 110.00, 'Initial stock seed', '{"seed":"opening_balance"}', NULL, '2026-04-10 08:00:00.000'),
(15132, 106, 7132, 'IN', 'OPENING_BALANCE', NULL, 38, 0, 38, 22.00, 'Initial stock seed', '{"seed":"opening_balance"}', NULL, '2026-04-10 08:00:00.000'),
(15133, 106, 7133, 'IN', 'OPENING_BALANCE', NULL, 3.80, 0.00, 3.80, 280.00, 'Initial stock seed', '{"seed":"opening_balance"}', NULL, '2026-04-10 08:00:00.000'),
(15134, 106, 7134, 'IN', 'OPENING_BALANCE', NULL, 5.70, 0.00, 5.70, 140.00, 'Initial stock seed', '{"seed":"opening_balance"}', NULL, '2026-04-10 08:00:00.000'),
(15135, 106, 7135, 'IN', 'OPENING_BALANCE', NULL, 11.40, 0.00, 11.40, 340.00, 'Initial stock seed', '{"seed":"opening_balance"}', NULL, '2026-04-10 08:00:00.000'),
(15136, 106, 7136, 'IN', 'OPENING_BALANCE', NULL, 5.70, 0.00, 5.70, 160.00, 'Initial stock seed', '{"seed":"opening_balance"}', NULL, '2026-04-10 08:00:00.000'),
(15137, 106, 7137, 'IN', 'OPENING_BALANCE', NULL, 7.60, 0.00, 7.60, 120.00, 'Initial stock seed', '{"seed":"opening_balance"}', NULL, '2026-04-10 08:00:00.000'),
(15138, 106, 7138, 'IN', 'OPENING_BALANCE', NULL, 11.40, 0.00, 11.40, 260.00, 'Initial stock seed', '{"seed":"opening_balance"}', NULL, '2026-04-10 08:00:00.000'),
(15139, 106, 7139, 'IN', 'OPENING_BALANCE', NULL, 9.50, 0.00, 9.50, 105.00, 'Initial stock seed', '{"seed":"opening_balance"}', NULL, '2026-04-10 08:00:00.000'),
(15140, 106, 7140, 'IN', 'OPENING_BALANCE', NULL, 2.85, 0.00, 2.85, 260.00, 'Initial stock seed', '{"seed":"opening_balance"}', NULL, '2026-04-10 08:00:00.000'),
(15141, 106, 7141, 'IN', 'OPENING_BALANCE', NULL, 76, 0, 76, 18.00, 'Initial stock seed', '{"seed":"opening_balance"}', NULL, '2026-04-10 08:00:00.000'),
(15142, 106, 7142, 'IN', 'OPENING_BALANCE', NULL, 9.50, 0.00, 9.50, 120.00, 'Initial stock seed', '{"seed":"opening_balance"}', NULL, '2026-04-10 08:00:00.000'),
(15143, 106, 7143, 'IN', 'OPENING_BALANCE', NULL, 9.50, 0.00, 9.50, 130.00, 'Initial stock seed', '{"seed":"opening_balance"}', NULL, '2026-04-10 08:00:00.000'),
(15144, 106, 7144, 'IN', 'OPENING_BALANCE', NULL, 9.50, 0.00, 9.50, 95.00, 'Initial stock seed', '{"seed":"opening_balance"}', NULL, '2026-04-10 08:00:00.000'),
(15145, 106, 7145, 'IN', 'OPENING_BALANCE', NULL, 7.60, 0.00, 7.60, 130.00, 'Initial stock seed', '{"seed":"opening_balance"}', NULL, '2026-04-10 08:00:00.000'),
(15146, 106, 7146, 'IN', 'OPENING_BALANCE', NULL, 7.60, 0.00, 7.60, 95.00, 'Initial stock seed', '{"seed":"opening_balance"}', NULL, '2026-04-10 08:00:00.000'),
(15147, 106, 7147, 'IN', 'OPENING_BALANCE', NULL, 7.60, 0.00, 7.60, 95.00, 'Initial stock seed', '{"seed":"opening_balance"}', NULL, '2026-04-10 08:00:00.000'),
(15148, 106, 7148, 'IN', 'OPENING_BALANCE', NULL, 43, 0, 43, 18.00, 'Initial stock seed', '{"seed":"opening_balance"}', NULL, '2026-04-10 08:00:00.000'),
(15149, 106, 7149, 'IN', 'OPENING_BALANCE', NULL, 7.60, 0.00, 7.60, 160.00, 'Initial stock seed', '{"seed":"opening_balance"}', NULL, '2026-04-10 08:00:00.000'),
(15150, 106, 7150, 'IN', 'OPENING_BALANCE', NULL, 57, 0, 57, 8.00, 'Initial stock seed', '{"seed":"opening_balance"}', NULL, '2026-04-10 08:00:00.000'),
(15151, 107, 7151, 'IN', 'OPENING_BALANCE', NULL, 33.00, 0.00, 33.00, 82.00, 'Initial stock seed', '{"seed":"opening_balance"}', NULL, '2026-04-10 08:00:00.000'),
(15152, 107, 7152, 'IN', 'OPENING_BALANCE', NULL, 66, 0, 66, 9.00, 'Initial stock seed', '{"seed":"opening_balance"}', NULL, '2026-04-10 08:00:00.000'),
(15153, 107, 7153, 'IN', 'OPENING_BALANCE', NULL, 88, 0, 88, 8.00, 'Initial stock seed', '{"seed":"opening_balance"}', NULL, '2026-04-10 08:00:00.000'),
(15154, 107, 7154, 'IN', 'OPENING_BALANCE', NULL, 19.80, 0.00, 19.80, 260.00, 'Initial stock seed', '{"seed":"opening_balance"}', NULL, '2026-04-10 08:00:00.000'),
(15155, 107, 7155, 'IN', 'OPENING_BALANCE', NULL, 88, 0, 88, 10.00, 'Initial stock seed', '{"seed":"opening_balance"}', NULL, '2026-04-10 08:00:00.000'),
(15156, 107, 7156, 'IN', 'OPENING_BALANCE', NULL, 38, 0, 38, 32.00, 'Initial stock seed', '{"seed":"opening_balance"}', NULL, '2026-04-10 08:00:00.000'),
(15157, 107, 7157, 'IN', 'OPENING_BALANCE', NULL, 6.60, 0.00, 6.60, 320.00, 'Initial stock seed', '{"seed":"opening_balance"}', NULL, '2026-04-10 08:00:00.000'),
(15158, 107, 7158, 'IN', 'OPENING_BALANCE', NULL, 6.60, 0.00, 6.60, 180.00, 'Initial stock seed', '{"seed":"opening_balance"}', NULL, '2026-04-10 08:00:00.000'),
(15159, 107, 7159, 'IN', 'OPENING_BALANCE', NULL, 4.40, 0.00, 4.40, 320.00, 'Initial stock seed', '{"seed":"opening_balance"}', NULL, '2026-04-10 08:00:00.000'),
(15160, 107, 7160, 'IN', 'OPENING_BALANCE', NULL, 4.40, 0.00, 4.40, 210.00, 'Initial stock seed', '{"seed":"opening_balance"}', NULL, '2026-04-10 08:00:00.000'),
(15161, 107, 7161, 'IN', 'OPENING_BALANCE', NULL, 16.50, 0.00, 16.50, 110.00, 'Initial stock seed', '{"seed":"opening_balance"}', NULL, '2026-04-10 08:00:00.000'),
(15162, 107, 7162, 'IN', 'OPENING_BALANCE', NULL, 8.80, 0.00, 8.80, 75.00, 'Initial stock seed', '{"seed":"opening_balance"}', NULL, '2026-04-10 08:00:00.000'),
(15163, 107, 7163, 'IN', 'OPENING_BALANCE', NULL, 6.60, 0.00, 6.60, 180.00, 'Initial stock seed', '{"seed":"opening_balance"}', NULL, '2026-04-10 08:00:00.000'),
(15164, 107, 7164, 'IN', 'OPENING_BALANCE', NULL, 6.60, 0.00, 6.60, 140.00, 'Initial stock seed', '{"seed":"opening_balance"}', NULL, '2026-04-10 08:00:00.000'),
(15165, 107, 7165, 'IN', 'OPENING_BALANCE', NULL, 26.40, 0.00, 26.40, 58.00, 'Initial stock seed', '{"seed":"opening_balance"}', NULL, '2026-04-10 08:00:00.000'),
(15166, 107, 7166, 'IN', 'OPENING_BALANCE', NULL, 132, 0, 132, 9.00, 'Initial stock seed', '{"seed":"opening_balance"}', NULL, '2026-04-10 08:00:00.000'),
(15167, 107, 7167, 'IN', 'OPENING_BALANCE', NULL, 2.75, 0.00, 2.75, 90.00, 'Initial stock seed', '{"seed":"opening_balance"}', NULL, '2026-04-10 08:00:00.000'),
(15168, 107, 7168, 'IN', 'OPENING_BALANCE', NULL, 17.60, 0.00, 17.60, 72.00, 'Initial stock seed', '{"seed":"opening_balance"}', NULL, '2026-04-10 08:00:00.000'),
(15169, 107, 7169, 'IN', 'OPENING_BALANCE', NULL, 13.20, 0.00, 13.20, 340.00, 'Initial stock seed', '{"seed":"opening_balance"}', NULL, '2026-04-10 08:00:00.000'),
(15170, 107, 7170, 'IN', 'OPENING_BALANCE', NULL, 13.20, 0.00, 13.20, 95.00, 'Initial stock seed', '{"seed":"opening_balance"}', NULL, '2026-04-10 08:00:00.000'),
(15171, 107, 7171, 'IN', 'OPENING_BALANCE', NULL, 13.20, 0.00, 13.20, 260.00, 'Initial stock seed', '{"seed":"opening_balance"}', NULL, '2026-04-10 08:00:00.000'),
(15172, 107, 7172, 'IN', 'OPENING_BALANCE', NULL, 3.30, 0.00, 3.30, 260.00, 'Initial stock seed', '{"seed":"opening_balance"}', NULL, '2026-04-10 08:00:00.000'),
(15173, 107, 7173, 'IN', 'OPENING_BALANCE', NULL, 88, 0, 88, 18.00, 'Initial stock seed', '{"seed":"opening_balance"}', NULL, '2026-04-10 08:00:00.000'),
(15174, 107, 7174, 'IN', 'OPENING_BALANCE', NULL, 11.00, 0.00, 11.00, 120.00, 'Initial stock seed', '{"seed":"opening_balance"}', NULL, '2026-04-10 08:00:00.000'),
(15175, 107, 7175, 'IN', 'OPENING_BALANCE', NULL, 11.00, 0.00, 11.00, 130.00, 'Initial stock seed', '{"seed":"opening_balance"}', NULL, '2026-04-10 08:00:00.000'),
(15176, 107, 7176, 'IN', 'OPENING_BALANCE', NULL, 11.00, 0.00, 11.00, 95.00, 'Initial stock seed', '{"seed":"opening_balance"}', NULL, '2026-04-10 08:00:00.000'),
(15177, 107, 7177, 'IN', 'OPENING_BALANCE', NULL, 8.80, 0.00, 8.80, 95.00, 'Initial stock seed', '{"seed":"opening_balance"}', NULL, '2026-04-10 08:00:00.000'),
(15178, 107, 7178, 'IN', 'OPENING_BALANCE', NULL, 6.60, 0.00, 6.60, 140.00, 'Initial stock seed', '{"seed":"opening_balance"}', NULL, '2026-04-10 08:00:00.000'),
(15179, 107, 7179, 'IN', 'OPENING_BALANCE', NULL, 66, 0, 66, 18.00, 'Initial stock seed', '{"seed":"opening_balance"}', NULL, '2026-04-10 08:00:00.000'),
(15180, 107, 7180, 'IN', 'OPENING_BALANCE', NULL, 5.50, 0.00, 5.50, 90.00, 'Initial stock seed', '{"seed":"opening_balance"}', NULL, '2026-04-10 08:00:00.000'),
(15181, 107, 7181, 'IN', 'OPENING_BALANCE', NULL, 165, 0, 165, 1.80, 'Initial stock seed', '{"seed":"opening_balance"}', NULL, '2026-04-10 08:00:00.000'),
(15182, 107, 7182, 'IN', 'OPENING_BALANCE', NULL, 8.80, 0.00, 8.80, 95.00, 'Initial stock seed', '{"seed":"opening_balance"}', NULL, '2026-04-10 08:00:00.000'),
(15183, 107, 7183, 'IN', 'OPENING_BALANCE', NULL, 110, 0, 110, 6.00, 'Initial stock seed', '{"seed":"opening_balance"}', NULL, '2026-04-10 08:00:00.000'),
(15184, 107, 7184, 'IN', 'OPENING_BALANCE', NULL, 50, 0, 50, 18.00, 'Initial stock seed', '{"seed":"opening_balance"}', NULL, '2026-04-10 08:00:00.000'),
(15185, 107, 7185, 'IN', 'OPENING_BALANCE', NULL, 66, 0, 66, 8.00, 'Initial stock seed', '{"seed":"opening_balance"}', NULL, '2026-04-10 08:00:00.000'),
(15186, 108, 7186, 'IN', 'OPENING_BALANCE', NULL, 30.00, 0.00, 30.00, 82.00, 'Initial stock seed', '{"seed":"opening_balance"}', NULL, '2026-04-10 08:00:00.000'),
(15187, 108, 7187, 'IN', 'OPENING_BALANCE', NULL, 60, 0, 60, 9.00, 'Initial stock seed', '{"seed":"opening_balance"}', NULL, '2026-04-10 08:00:00.000'),
(15188, 108, 7188, 'IN', 'OPENING_BALANCE', NULL, 120, 0, 120, 7.00, 'Initial stock seed', '{"seed":"opening_balance"}', NULL, '2026-04-10 08:00:00.000'),
(15189, 108, 7189, 'IN', 'OPENING_BALANCE', NULL, 18.00, 0.00, 18.00, 260.00, 'Initial stock seed', '{"seed":"opening_balance"}', NULL, '2026-04-10 08:00:00.000'),
(15190, 108, 7190, 'IN', 'OPENING_BALANCE', NULL, 35, 0, 35, 32.00, 'Initial stock seed', '{"seed":"opening_balance"}', NULL, '2026-04-10 08:00:00.000'),
(15191, 108, 7191, 'IN', 'OPENING_BALANCE', NULL, 6.00, 0.00, 6.00, 320.00, 'Initial stock seed', '{"seed":"opening_balance"}', NULL, '2026-04-10 08:00:00.000'),
(15192, 108, 7192, 'IN', 'OPENING_BALANCE', NULL, 120, 0, 120, 6.50, 'Initial stock seed', '{"seed":"opening_balance"}', NULL, '2026-04-10 08:00:00.000'),
(15193, 108, 7193, 'IN', 'OPENING_BALANCE', NULL, 15.00, 0.00, 15.00, 110.00, 'Initial stock seed', '{"seed":"opening_balance"}', NULL, '2026-04-10 08:00:00.000'),
(15194, 108, 7194, 'IN', 'OPENING_BALANCE', NULL, 6.00, 0.00, 6.00, 180.00, 'Initial stock seed', '{"seed":"opening_balance"}', NULL, '2026-04-10 08:00:00.000'),
(15195, 108, 7195, 'IN', 'OPENING_BALANCE', NULL, 6.00, 0.00, 6.00, 140.00, 'Initial stock seed', '{"seed":"opening_balance"}', NULL, '2026-04-10 08:00:00.000'),
(15196, 108, 7196, 'IN', 'OPENING_BALANCE', NULL, 16.00, 0.00, 16.00, 72.00, 'Initial stock seed', '{"seed":"opening_balance"}', NULL, '2026-04-10 08:00:00.000'),
(15197, 108, 7197, 'IN', 'OPENING_BALANCE', NULL, 12.00, 0.00, 12.00, 340.00, 'Initial stock seed', '{"seed":"opening_balance"}', NULL, '2026-04-10 08:00:00.000'),
(15198, 108, 7198, 'IN', 'OPENING_BALANCE', NULL, 12.00, 0.00, 12.00, 95.00, 'Initial stock seed', '{"seed":"opening_balance"}', NULL, '2026-04-10 08:00:00.000'),
(15199, 108, 7199, 'IN', 'OPENING_BALANCE', NULL, 8.00, 0.00, 8.00, 78.00, 'Initial stock seed', '{"seed":"opening_balance"}', NULL, '2026-04-10 08:00:00.000'),
(15200, 108, 7200, 'IN', 'OPENING_BALANCE', NULL, 12.00, 0.00, 12.00, 260.00, 'Initial stock seed', '{"seed":"opening_balance"}', NULL, '2026-04-10 08:00:00.000'),
(15201, 108, 7201, 'IN', 'OPENING_BALANCE', NULL, 6.00, 0.00, 6.00, 290.00, 'Initial stock seed', '{"seed":"opening_balance"}', NULL, '2026-04-10 08:00:00.000'),
(15202, 108, 7202, 'IN', 'OPENING_BALANCE', NULL, 3.00, 0.00, 3.00, 260.00, 'Initial stock seed', '{"seed":"opening_balance"}', NULL, '2026-04-10 08:00:00.000'),
(15203, 108, 7203, 'IN', 'OPENING_BALANCE', NULL, 80, 0, 80, 18.00, 'Initial stock seed', '{"seed":"opening_balance"}', NULL, '2026-04-10 08:00:00.000'),
(15204, 108, 7204, 'IN', 'OPENING_BALANCE', NULL, 10.00, 0.00, 10.00, 120.00, 'Initial stock seed', '{"seed":"opening_balance"}', NULL, '2026-04-10 08:00:00.000'),
(15205, 108, 7205, 'IN', 'OPENING_BALANCE', NULL, 10.00, 0.00, 10.00, 130.00, 'Initial stock seed', '{"seed":"opening_balance"}', NULL, '2026-04-10 08:00:00.000'),
(15206, 108, 7206, 'IN', 'OPENING_BALANCE', NULL, 80, 0, 80, 10.00, 'Initial stock seed', '{"seed":"opening_balance"}', NULL, '2026-04-10 08:00:00.000'),
(15207, 108, 7207, 'IN', 'OPENING_BALANCE', NULL, 5.00, 0.00, 5.00, 135.00, 'Initial stock seed', '{"seed":"opening_balance"}', NULL, '2026-04-10 08:00:00.000'),
(15208, 108, 7208, 'IN', 'OPENING_BALANCE', NULL, 6.00, 0.00, 6.00, 140.00, 'Initial stock seed', '{"seed":"opening_balance"}', NULL, '2026-04-10 08:00:00.000'),
(15209, 108, 7209, 'IN', 'OPENING_BALANCE', NULL, 5.00, 0.00, 5.00, 90.00, 'Initial stock seed', '{"seed":"opening_balance"}', NULL, '2026-04-10 08:00:00.000'),
(15210, 108, 7210, 'IN', 'OPENING_BALANCE', NULL, 8.00, 0.00, 8.00, 95.00, 'Initial stock seed', '{"seed":"opening_balance"}', NULL, '2026-04-10 08:00:00.000'),
(15211, 108, 7211, 'IN', 'OPENING_BALANCE', NULL, 45, 0, 45, 18.00, 'Initial stock seed', '{"seed":"opening_balance"}', NULL, '2026-04-10 08:00:00.000'),
(15212, 108, 7212, 'IN', 'OPENING_BALANCE', NULL, 60, 0, 60, 8.00, 'Initial stock seed', '{"seed":"opening_balance"}', NULL, '2026-04-10 08:00:00.000'),
(15213, 109, 7213, 'IN', 'OPENING_BALANCE', NULL, 80, 0, 80, 9.00, 'Initial stock seed', '{"seed":"opening_balance"}', NULL, '2026-04-10 08:00:00.000'),
(15214, 109, 7214, 'IN', 'OPENING_BALANCE', NULL, 30.00, 0.00, 30.00, 82.00, 'Initial stock seed', '{"seed":"opening_balance"}', NULL, '2026-04-10 08:00:00.000'),
(15215, 109, 7215, 'IN', 'OPENING_BALANCE', NULL, 30, 0, 30, 28.00, 'Initial stock seed', '{"seed":"opening_balance"}', NULL, '2026-04-10 08:00:00.000'),
(15216, 109, 7216, 'IN', 'OPENING_BALANCE', NULL, 60, 0, 60, 12.00, 'Initial stock seed', '{"seed":"opening_balance"}', NULL, '2026-04-10 08:00:00.000'),
(15217, 109, 7217, 'IN', 'OPENING_BALANCE', NULL, 60, 0, 60, 9.00, 'Initial stock seed', '{"seed":"opening_balance"}', NULL, '2026-04-10 08:00:00.000'),
(15218, 109, 7218, 'IN', 'OPENING_BALANCE', NULL, 8.00, 0.00, 8.00, 70.00, 'Initial stock seed', '{"seed":"opening_balance"}', NULL, '2026-04-10 08:00:00.000'),
(15219, 109, 7219, 'IN', 'OPENING_BALANCE', NULL, 120, 0, 120, 7.00, 'Initial stock seed', '{"seed":"opening_balance"}', NULL, '2026-04-10 08:00:00.000'),
(15220, 109, 7220, 'IN', 'OPENING_BALANCE', NULL, 14.00, 0.00, 14.00, 68.00, 'Initial stock seed', '{"seed":"opening_balance"}', NULL, '2026-04-10 08:00:00.000'),
(15221, 109, 7221, 'IN', 'OPENING_BALANCE', NULL, 80, 0, 80, 7.00, 'Initial stock seed', '{"seed":"opening_balance"}', NULL, '2026-04-10 08:00:00.000'),
(15222, 109, 7222, 'IN', 'OPENING_BALANCE', NULL, 15.00, 0.00, 15.00, 110.00, 'Initial stock seed', '{"seed":"opening_balance"}', NULL, '2026-04-10 08:00:00.000'),
(15223, 109, 7223, 'IN', 'OPENING_BALANCE', NULL, 4.00, 0.00, 4.00, 95.00, 'Initial stock seed', '{"seed":"opening_balance"}', NULL, '2026-04-10 08:00:00.000'),
(15224, 109, 7224, 'IN', 'OPENING_BALANCE', NULL, 80, 0, 80, 9.00, 'Initial stock seed', '{"seed":"opening_balance"}', NULL, '2026-04-10 08:00:00.000'),
(15225, 109, 7225, 'IN', 'OPENING_BALANCE', NULL, 6.00, 0.00, 6.00, 160.00, 'Initial stock seed', '{"seed":"opening_balance"}', NULL, '2026-04-10 08:00:00.000'),
(15226, 109, 7226, 'IN', 'OPENING_BALANCE', NULL, 100, 0, 100, 9.00, 'Initial stock seed', '{"seed":"opening_balance"}', NULL, '2026-04-10 08:00:00.000'),
(15227, 109, 7227, 'IN', 'OPENING_BALANCE', NULL, 60, 0, 60, 18.00, 'Initial stock seed', '{"seed":"opening_balance"}', NULL, '2026-04-10 08:00:00.000'),
(15228, 109, 7228, 'IN', 'OPENING_BALANCE', NULL, 6.00, 0.00, 6.00, 180.00, 'Initial stock seed', '{"seed":"opening_balance"}', NULL, '2026-04-10 08:00:00.000'),
(15229, 109, 7229, 'IN', 'OPENING_BALANCE', NULL, 50, 0, 50, 14.00, 'Initial stock seed', '{"seed":"opening_balance"}', NULL, '2026-04-10 08:00:00.000'),
(15230, 109, 7230, 'IN', 'OPENING_BALANCE', NULL, 16.00, 0.00, 16.00, 72.00, 'Initial stock seed', '{"seed":"opening_balance"}', NULL, '2026-04-10 08:00:00.000'),
(15231, 109, 7231, 'IN', 'OPENING_BALANCE', NULL, 12.00, 0.00, 12.00, 95.00, 'Initial stock seed', '{"seed":"opening_balance"}', NULL, '2026-04-10 08:00:00.000'),
(15232, 109, 7232, 'IN', 'OPENING_BALANCE', NULL, 12.00, 0.00, 12.00, 260.00, 'Initial stock seed', '{"seed":"opening_balance"}', NULL, '2026-04-10 08:00:00.000'),
(15233, 109, 7233, 'IN', 'OPENING_BALANCE', NULL, 250, 0, 250, 1.00, 'Initial stock seed', '{"seed":"opening_balance"}', NULL, '2026-04-10 08:00:00.000'),
(15234, 109, 7234, 'IN', 'OPENING_BALANCE', NULL, 3.00, 0.00, 3.00, 260.00, 'Initial stock seed', '{"seed":"opening_balance"}', NULL, '2026-04-10 08:00:00.000'),
(15235, 109, 7235, 'IN', 'OPENING_BALANCE', NULL, 10.00, 0.00, 10.00, 62.00, 'Initial stock seed', '{"seed":"opening_balance"}', NULL, '2026-04-10 08:00:00.000'),
(15236, 109, 7236, 'IN', 'OPENING_BALANCE', NULL, 300, 0, 300, 0.80, 'Initial stock seed', '{"seed":"opening_balance"}', NULL, '2026-04-10 08:00:00.000'),
(15237, 109, 7237, 'IN', 'OPENING_BALANCE', NULL, 50, 0, 50, 12.00, 'Initial stock seed', '{"seed":"opening_balance"}', NULL, '2026-04-10 08:00:00.000'),
(15238, 109, 7238, 'IN', 'OPENING_BALANCE', NULL, 40, 0, 40, 18.00, 'Initial stock seed', '{"seed":"opening_balance"}', NULL, '2026-04-10 08:00:00.000'),
(15239, 109, 7239, 'IN', 'OPENING_BALANCE', NULL, 8.00, 0.00, 8.00, 78.00, 'Initial stock seed', '{"seed":"opening_balance"}', NULL, '2026-04-10 08:00:00.000'),
(15240, 109, 7240, 'IN', 'OPENING_BALANCE', NULL, 120, 0, 120, 10.00, 'Initial stock seed', '{"seed":"opening_balance"}', NULL, '2026-04-10 08:00:00.000'),
(15241, 109, 7241, 'IN', 'OPENING_BALANCE', NULL, 8.00, 0.00, 8.00, 95.00, 'Initial stock seed', '{"seed":"opening_balance"}', NULL, '2026-04-10 08:00:00.000'),
(15242, 109, 7242, 'IN', 'OPENING_BALANCE', NULL, 6.00, 0.00, 6.00, 140.00, 'Initial stock seed', '{"seed":"opening_balance"}', NULL, '2026-04-10 08:00:00.000'),
(15243, 109, 7243, 'IN', 'OPENING_BALANCE', NULL, 4.00, 0.00, 4.00, 140.00, 'Initial stock seed', '{"seed":"opening_balance"}', NULL, '2026-04-10 08:00:00.000'),
(15244, 109, 7244, 'IN', 'OPENING_BALANCE', NULL, 5.00, 0.00, 5.00, 90.00, 'Initial stock seed', '{"seed":"opening_balance"}', NULL, '2026-04-10 08:00:00.000'),
(15245, 109, 7245, 'IN', 'OPENING_BALANCE', NULL, 5.00, 0.00, 5.00, 120.00, 'Initial stock seed', '{"seed":"opening_balance"}', NULL, '2026-04-10 08:00:00.000'),
(15246, 109, 7246, 'IN', 'OPENING_BALANCE', NULL, 45, 0, 45, 18.00, 'Initial stock seed', '{"seed":"opening_balance"}', NULL, '2026-04-10 08:00:00.000'),
(15247, 110, 7247, 'IN', 'OPENING_BALANCE', NULL, 6.30, 0.00, 6.30, 220.00, 'Initial stock seed', '{"seed":"opening_balance"}', NULL, '2026-04-10 08:00:00.000'),
(15248, 110, 7248, 'IN', 'OPENING_BALANCE', NULL, 4.50, 0.00, 4.50, 420.00, 'Initial stock seed', '{"seed":"opening_balance"}', NULL, '2026-04-10 08:00:00.000'),
(15249, 110, 7249, 'IN', 'OPENING_BALANCE', NULL, 7.20, 0.00, 7.20, 210.00, 'Initial stock seed', '{"seed":"opening_balance"}', NULL, '2026-04-10 08:00:00.000'),
(15250, 110, 7250, 'IN', 'OPENING_BALANCE', NULL, 108, 0, 108, 7.00, 'Initial stock seed', '{"seed":"opening_balance"}', NULL, '2026-04-10 08:00:00.000'),
(15251, 110, 7251, 'IN', 'OPENING_BALANCE', NULL, 9.00, 0.00, 9.00, 210.00, 'Initial stock seed', '{"seed":"opening_balance"}', NULL, '2026-04-10 08:00:00.000'),
(15252, 110, 7252, 'IN', 'OPENING_BALANCE', NULL, 5.40, 0.00, 5.40, 180.00, 'Initial stock seed', '{"seed":"opening_balance"}', NULL, '2026-04-10 08:00:00.000'),
(15253, 110, 7253, 'IN', 'OPENING_BALANCE', NULL, 36, 0, 36, 12.00, 'Initial stock seed', '{"seed":"opening_balance"}', NULL, '2026-04-10 08:00:00.000'),
(15254, 110, 7254, 'IN', 'OPENING_BALANCE', NULL, 3.60, 0.00, 3.60, 320.00, 'Initial stock seed', '{"seed":"opening_balance"}', NULL, '2026-04-10 08:00:00.000'),
(15255, 110, 7255, 'IN', 'OPENING_BALANCE', NULL, 3.60, 0.00, 3.60, 210.00, 'Initial stock seed', '{"seed":"opening_balance"}', NULL, '2026-04-10 08:00:00.000'),
(15256, 110, 7256, 'IN', 'OPENING_BALANCE', NULL, 7.20, 0.00, 7.20, 75.00, 'Initial stock seed', '{"seed":"opening_balance"}', NULL, '2026-04-10 08:00:00.000'),
(15257, 110, 7257, 'IN', 'OPENING_BALANCE', NULL, 2.70, 0.00, 2.70, 240.00, 'Initial stock seed', '{"seed":"opening_balance"}', NULL, '2026-04-10 08:00:00.000'),
(15258, 110, 7258, 'IN', 'OPENING_BALANCE', NULL, 72, 0, 72, 14.00, 'Initial stock seed', '{"seed":"opening_balance"}', NULL, '2026-04-10 08:00:00.000'),
(15259, 110, 7259, 'IN', 'OPENING_BALANCE', NULL, 4.50, 0.00, 4.50, 150.00, 'Initial stock seed', '{"seed":"opening_balance"}', NULL, '2026-04-10 08:00:00.000'),
(15260, 110, 7260, 'IN', 'OPENING_BALANCE', NULL, 21.60, 0.00, 21.60, 58.00, 'Initial stock seed', '{"seed":"opening_balance"}', NULL, '2026-04-10 08:00:00.000'),
(15261, 110, 7261, 'IN', 'OPENING_BALANCE', NULL, 108, 0, 108, 9.00, 'Initial stock seed', '{"seed":"opening_balance"}', NULL, '2026-04-10 08:00:00.000'),
(15262, 110, 7262, 'IN', 'OPENING_BALANCE', NULL, 2.25, 0.00, 2.25, 90.00, 'Initial stock seed', '{"seed":"opening_balance"}', NULL, '2026-04-10 08:00:00.000'),
(15263, 110, 7263, 'IN', 'OPENING_BALANCE', NULL, 14.40, 0.00, 14.40, 72.00, 'Initial stock seed', '{"seed":"opening_balance"}', NULL, '2026-04-10 08:00:00.000'),
(15264, 110, 7264, 'IN', 'OPENING_BALANCE', NULL, 10.80, 0.00, 10.80, 260.00, 'Initial stock seed', '{"seed":"opening_balance"}', NULL, '2026-04-10 08:00:00.000'),
(15265, 110, 7265, 'IN', 'OPENING_BALANCE', NULL, 54, 0, 54, 18.00, 'Initial stock seed', '{"seed":"opening_balance"}', NULL, '2026-04-10 08:00:00.000'),
(15266, 110, 7266, 'IN', 'OPENING_BALANCE', NULL, 7.20, 0.00, 7.20, 205.00, 'Initial stock seed', '{"seed":"opening_balance"}', NULL, '2026-04-10 08:00:00.000'),
(15267, 110, 7267, 'IN', 'OPENING_BALANCE', NULL, 9.00, 0.00, 9.00, 190.00, 'Initial stock seed', '{"seed":"opening_balance"}', NULL, '2026-04-10 08:00:00.000'),
(15268, 111, 7268, 'IN', 'OPENING_BALANCE', NULL, 22, 0, 22, 28.00, 'Initial stock seed', '{"seed":"opening_balance"}', NULL, '2026-04-10 08:00:00.000'),
(15269, 111, 7269, 'IN', 'OPENING_BALANCE', NULL, 26, 0, 26, 14.00, 'Initial stock seed', '{"seed":"opening_balance"}', NULL, '2026-04-10 08:00:00.000'),
(15270, 111, 7270, 'IN', 'OPENING_BALANCE', NULL, 90, 0, 90, 7.00, 'Initial stock seed', '{"seed":"opening_balance"}', NULL, '2026-04-10 08:00:00.000'),
(15271, 111, 7271, 'IN', 'OPENING_BALANCE', NULL, 3.00, 0.00, 3.00, 320.00, 'Initial stock seed', '{"seed":"opening_balance"}', NULL, '2026-04-10 08:00:00.000'),
(15272, 111, 7272, 'IN', 'OPENING_BALANCE', NULL, 38, 0, 38, 18.00, 'Initial stock seed', '{"seed":"opening_balance"}', NULL, '2026-04-10 08:00:00.000'),
(15273, 111, 7273, 'IN', 'OPENING_BALANCE', NULL, 0.60, 0.00, 0.60, 1600.00, 'Initial stock seed', '{"seed":"opening_balance"}', NULL, '2026-04-10 08:00:00.000'),
(15274, 111, 7274, 'IN', 'OPENING_BALANCE', NULL, 2.25, 0.00, 2.25, 95.00, 'Initial stock seed', '{"seed":"opening_balance"}', NULL, '2026-04-10 08:00:00.000'),
(15275, 111, 7275, 'IN', 'OPENING_BALANCE', NULL, 75, 0, 75, 4.00, 'Initial stock seed', '{"seed":"opening_balance"}', NULL, '2026-04-10 08:00:00.000'),
(15276, 111, 7276, 'IN', 'OPENING_BALANCE', NULL, 6.00, 0.00, 6.00, 75.00, 'Initial stock seed', '{"seed":"opening_balance"}', NULL, '2026-04-10 08:00:00.000'),
(15277, 111, 7277, 'IN', 'OPENING_BALANCE', NULL, 2.25, 0.00, 2.25, 240.00, 'Initial stock seed', '{"seed":"opening_balance"}', NULL, '2026-04-10 08:00:00.000'),
(15278, 111, 7278, 'IN', 'OPENING_BALANCE', NULL, 18.00, 0.00, 18.00, 58.00, 'Initial stock seed', '{"seed":"opening_balance"}', NULL, '2026-04-10 08:00:00.000'),
(15279, 111, 7279, 'IN', 'OPENING_BALANCE', NULL, 90, 0, 90, 9.00, 'Initial stock seed', '{"seed":"opening_balance"}', NULL, '2026-04-10 08:00:00.000'),
(15280, 111, 7280, 'IN', 'OPENING_BALANCE', NULL, 2.25, 0.00, 2.25, 250.00, 'Initial stock seed', '{"seed":"opening_balance"}', NULL, '2026-04-10 08:00:00.000'),
(15281, 111, 7281, 'IN', 'OPENING_BALANCE', NULL, 6.00, 0.00, 6.00, 95.00, 'Initial stock seed', '{"seed":"opening_balance"}', NULL, '2026-04-10 08:00:00.000'),
(15282, 111, 7282, 'IN', 'OPENING_BALANCE', NULL, 45, 0, 45, 18.00, 'Initial stock seed', '{"seed":"opening_balance"}', NULL, '2026-04-10 08:00:00.000'),
(15283, 111, 7283, 'IN', 'OPENING_BALANCE', NULL, 2.25, 0.00, 2.25, 420.00, 'Initial stock seed', '{"seed":"opening_balance"}', NULL, '2026-04-10 08:00:00.000'),
(15284, 111, 7284, 'IN', 'OPENING_BALANCE', NULL, 26, 0, 26, 16.00, 'Initial stock seed', '{"seed":"opening_balance"}', NULL, '2026-04-10 08:00:00.000');

-- Quick checks
-- SELECT vendor_id, COUNT(*) AS inventory_count FROM inventory_items GROUP BY vendor_id ORDER BY vendor_id;
-- SELECT COUNT(*) AS ingredient_links FROM menu_item_ingredients;
-- SELECT COUNT(*) AS stock_move_count FROM stock_movements;
-- SELECT mi.id, mi.item_name FROM menu_items mi
-- LEFT JOIN menu_item_ingredients mig ON mig.menu_item_id = mi.id
-- WHERE mi.vendor_id IN (101,102,103,104,105,106,107,108,109,110,111)
-- GROUP BY mi.id, mi.item_name HAVING COUNT(mig.id) = 0;